,author,comment,published_at
0,@GeneLab,"ถึงไม่กล้าไปรักคนอื่นเลย รักใครไม่ไหว
ยังมีแค่เธอ ยังมีเพียงเธอ คนเดียวในหัวใจ",2025-04-08T11:12:49Z
1,@korakrodruenin4452,พอทุกอย่างที่วาดไว้มันพัง ตัวเราจะแตกสลายตามความคาดหวังที่เราวาดไว้ จนไม่กล้าจะเริ่มใหม่ มันไม่ง่ายหรอก,2025-04-30T16:21:01Z
2,@Ketsueki-kata,เพลงนี้ซึ้งมาก😭,2025-04-30T16:07:34Z
3,@เกียรติสมสมเกียรติ,ความรู้สึกตอนนี้เลย😢,2025-04-30T15:41:20Z
4,@Illianoaoi,40+ แล้ว ทำไมยังชอบครับ Three ma down,2025-04-30T15:15:55Z
5,@รัชช์นนท์พุทธสันติธรรม,จังหวะกรีดร้องแนวโตเกียวกูลภาคแรกก โคดดดดดดชอบ,2025-04-30T09:17:55Z
6,@kinggodno1rz683,"สุดท้าย เราก็ต้องกลับมาฟังเพลงนี้้
ผ่านมา เราคุยมา2คน บอกเลิกคุยเขาไป เพราะว่าอะไรเราก็ไม่รู้แค่รู้สึกว่าเรายังไม่ดีพอที่จะไปรักใคร แต่มันก็ยังรักใครไม่ไหวเลย ทั้งที่เราก็ลืมคนเก่าที่คบเคยคบเมื่อ3ปีได้เเล้ว แต่่ทำไมตัวของเราถึงไม่กล้าไปรักใครเลย? อาจจะเพราะเจ็บปวดกับความสัมพันธ์ครั้งนั้นมาเลยไม่กล้ารักใคร",2025-04-30T07:09:41Z
7,@tanakritimsanam9384,😖,2025-04-30T06:10:15Z
8,@lxrnoy2816,ເປັນເພງທີ່ເຮັດໃຫ້ກັບມາຟັງ ທຣີແມນດາວ ອີກຄັ້ງ,2025-04-30T04:53:15Z
9,@seouljazzsalon,"🎸 Three Man Down กับ Tilly Birds — สองวงที่มีสไตล์ต่างกันแต่ต่างก็ครองใจแฟนเพลง 🎤🔥
ถ้าได้ร่วมงานกัน คงเป็นการปะทะทางดนตรีที่น่าจดจำ! 💥✨
รอคอยการคอลแลปส์ที่อาจเปลี่ยนประวัติศาสตร์ดนตรีไทย! 🇹🇭🎶",2025-04-30T04:36:55Z
10,@oporkizz5428,จริงจัง,2025-04-30T03:13:08Z
11,@OCCZAnime_H,🌻,2025-04-30T00:01:19Z
12,@saviorpeet2931,"เรื่องนี้สอนให้รู้ว่าทีมไม่ต้องการผู้หญิง เรื่องจริงเวลาคุณเล่นเกม 
(เฉพาะทีมชายบางทีมนะ พวกแยกแยะไม่ได้อะ5555)",2025-04-29T22:11:37Z
13,@New.m86,5ปีแล้วยังอยู่ที่เดิมส่วนเขามีใหม่ไปแล้ว😅,2025-04-29T19:06:26Z
14,@Valenkamenrider2024,กระแทบได้ใจ จริงๆครับ,2025-04-29T18:39:06Z
15,@phirapatsukraksa2936,สุดๆเพลงนี้,2025-04-29T16:55:02Z
16,@ขจรศักดิ์-ฆ1ม,👍👍,2025-04-29T14:26:34Z
17,@chaiyaputpuengtian4998,รอชมภาคต่อไปครับ,2025-04-29T13:36:49Z
18,@youngbeam8623,ความสัมพันธ์ Suck seed,2025-04-29T13:33:51Z
19,@Warisara9,คิดว่าลืมเธอได้แล้ว เราจบกันไปตั้งนานแล้ว แต่เราไม่เคยลืมเรื่องของเธอได้สักเรื่อง จำได้ทุกอย่างวันแรกที่เจอกัน วันเกิด สิ่งที่ชอบ สิ่งที่ไม่ชอบ เรายังจำได้ทุกข้อความทุกคำพูดของเธอ เราพูดกับตัวเองว่าลืมได้แล้ว พอเจออะไรสักอย่าง มันก็นึกถึงเธอเอง ทำให้เราแอนตี้ความรัก จนกระทั่งเราได้เริ่มต้นความรักใหม่ กลายเป็นว่า เราชอบคนใหม่ๆแค่ชั่ววูบ ทำให้รู้ว่าเราลืมเธอไม่ได้จริงๆ เราหลอกตัวเองไปวันๆ ทำให้เรากลัวความรัก กลัวการนอกใจกลัวทุกๆเรื่อง เราสภาพจิตใจพังเกือบครึ่งปี เก็บไว้คนเดียวไม่บอกใคร ไม่รู้ว่าตัวเองเป็นไง จนมีคนทักว่า ช่วงนี้ซึมๆนะ เป็นอะไรรึป่าว กินไม่ได้นอนไม่หลับอยู่1-2เดือน แล้วก็เราไม่เคยคบกัน คนคุยไม่ใช่ เพื่อนไม่ใช่ ไม่รู้ว่าเป็นอะไร แต่เราทำกัน เหมือนคนรักกัน ช่างเถอะตอนนี้ เราปลงได้แล้วนะ ไม่ต้องเจอกันอีกแล้ว : ),2025-04-29T13:33:29Z
20,@krittzpn,❤,2025-04-29T13:18:03Z
21,@oatty13,นางเอกเอ็มวีน่ารักครับ,2025-04-29T10:27:20Z
22,@sunflowednesday,"นับต่อจากนี้ ไม่รู้ว่าอีกนานแค่ไหน
กว่าที่ฉัน จะกล้าไปเริ่มใหม่😢",2025-04-29T02:02:09Z
23,@Blacktrader100,คลาสสิค แย่ง ผญ ในวง5555,2025-04-29T01:21:15Z
24,@duangpornsaoro7522,ก็แค่พื้นที่ตรงนั้นไม่ใช่เรา ทั้งที่เป็นเราคิดเองตลอดว่าที่ตรงนั้นเป็นของเรา,2025-04-28T21:04:11Z
25,@p3scful,พังง,2025-04-28T17:43:15Z
26,@projectfast,โคตรดี ยิ่งใครที่อยู่ในฟิลเพลงนะ สุด,2025-04-28T17:26:30Z
27,@จิดาภานิ่มฟัก,🤍,2025-04-28T15:21:24Z
28,@pangsugarlove7145,าร้องไห้เลย,2025-04-28T13:51:15Z
29,@apiradeeasanok681,😅😅😅,2025-04-28T13:04:52Z
30,@Conan_dolys,มีวาร์ป นางเอกMVมั้ยครับ,2025-04-28T11:30:05Z
31,@Spnnz-x3w,ถ้าหากเขตได้เปิดมาฟังเพลงนี้ ขอให้รู้ไว้ว่าเรายังคิดถึง ขอให้รู้ไว้ว่าเธอคือคนที่มอบความรักดีๆให้เรา ไม่ว่าจะนานเท่าไหร่เราจะจดจำเธอเสมอ หากมีโอกาสย้อนเวลากลับไปเราจะไม่ทำเรื่องแย่ๆใส่เธอ ถึงวันนี้เธอจะเริ่มต้นใหม่ หรือเป็นอย่างไร ฉันคนนี้ก็ยังอยู่ที่เดิม😢 ต่อจากนี้ไม่รู้ว่าอีกนานแค่ไหน ก็ยังไม่รู้ว่าจะกล้าเริ่มต้นใหม่กับใครไหม เรารักแกมากนะเขตแล้วเราก็คิดถึงแกมากๆเหมือนกัน❤,2025-04-28T10:09:43Z
32,@panstherpanther9590,ฟังแล้วให้นึกถึงเพลงอย่าพูดเลย “อย่าว่าเธอรักคนอื่นเลยยยยย” มีใครคิดเหมือนกันไหม,2025-04-28T08:38:30Z
33,@pxthanakorn4784,ถ้าฟังแบบไม่ดู MV นี่โคตรดี โคตรเพราะ โคตรอันตราย 👍,2025-04-28T08:23:36Z
34,@Bb-cp9es,เพลงนี้รู้สึกเสียงดนตรีมันตีจนกลบเสียงนักร้องยังไงไม่รู้,2025-04-28T06:27:16Z
35,@Daxtra-f1q,เข้าปีที่ 15 แล้วก็ยังคองโสดมาจนถึงทุกวันนี้เพราะคำว่า รักใครไม่ได้อีก T^T,2025-04-28T06:18:09Z
36,@phornphornchai6407,🥹,2025-04-28T04:17:50Z
37,@ช้างน้อย-ซ8ฟ,😘,2025-04-27T23:38:26Z
38,@SarunyuPrueksa,😚,2025-04-27T16:47:11Z
39,@LIL-THX,เพลงก็ดีฟัง MVก็ต้องดู 😅 ฟังรอบเดียวไม่ได้จริงๆ วนซ้ำๆ😊,2025-04-27T14:39:47Z
40,@EkkapuntThingtham,มันโดนกลับชีวิตจริง😢,2025-04-27T12:40:27Z
41,@Champylegends,พี่ทำให้ผมไปไม่เป็น มีใครไม่ได้มาเป็นปี ขอบคุณจริงๆสำหรับบทเรียนครั้งใหญ่ในชีวิต 😊,2025-04-27T11:37:32Z
42,@oporkizz5428,ฟังทั้วันละวันนี้,2025-04-27T10:59:09Z
43,@คนธรรมดาใช้ชีวิต,เป็น mv หรือ เคยเป็นเรื่องจริงคับ 😢😢😢,2025-04-27T10:49:14Z
44,@คุณเต่า-อ2พ,✌️✌️,2025-04-27T10:42:47Z
45,@chanidanew8,ดีทุกเพลงเพลงที่เราชอบหวัดดีเบล,2025-04-27T09:30:55Z
46,@calanekub,"ทั้งที่มันก็นานแล้ว จบไปนานแล้ว ……
ทุกๆคำในเพลงตรงใจเกิ๊นนนน 🥲 มุ.",2025-04-27T09:24:45Z
47,@thepopkittikoon8519,นางเอก คือใครครับ,2025-04-27T08:14:06Z
48,@นักลบบวกคูณหาร,บทเรียนที่ได้จากคนเก่า เพื่อให้ระวังตัวมากขึ้น แต่ต้องเต็มที่กับคนใหม่ ไม่ใช่กั้กไว้เพราะเคยเจออะไรมา อย่ามาอ้างว่าคนเก่าทำแบบนั้นแบบนี้มาถึงเป็นแบบนี้ คนใหม่ไม่ได้รู้เรื่องอะไร สำหรับคนที่ไม่กล้าเริ่มใหม่ ลองไปเริ่มดู แต่ต้องเต็มที่ อย่าไปกั้กพอ แต่ถ้าคิดว่า ตัวเองไม่สามารถรักใครใหม่ได้จริงๆ จงอยู่คนเดียว อย่าไปวุ่นวายกับใครเลย,2025-04-27T08:08:53Z
49,@เกษวรางค์เกษบึงกาฬ-ต3ต,ไม่กล้าเริ่มใหม่กลัวเจ็บกว่าเดิม,2025-04-27T07:50:35Z
50,@petayboosapawanich4256,ดี,2025-04-27T07:44:49Z
51,@AekkawatPakdeekum-yu5gw,🤟,2025-04-27T06:37:11Z
52,@วิศรุตระดาบุตร,ตั้งแต่ปล่อยเพลงนี้มา ฟังเพลงนี้ทุกวันเลยครับ เปิดฟังบ่อยมาก☺️,2025-04-27T03:30:26Z
53,@bootclashboy,👏👏👏👏👏,2025-04-27T02:51:58Z
54,@วะว้าว-พ3ฉ,☺️,2025-04-27T02:07:17Z
55,@FlukKungtt-r8l,เพลงนี้อันตรายมากครับ ถ้าไปฟังใกล้งูจงอาง,2025-04-27T01:30:46Z
56,@anuchittermpech9979,แปลกนะเพลงบางเพลงมันมักจะมาตรงจังหวะเวลาของช่วงชีวิตจริงๆ 🥹🥲😭,2025-04-27T00:23:36Z
57,@tainawattaitakoon2405,ยังกลับมาฟังอยู่ 2026,2025-04-26T16:11:07Z
58,@nawareesomrod9415,การที่เราเริ่มต้นกับคนใหม่ แค่ก็ลืมคนในใจไม่ได้สักที,2025-04-26T15:58:00Z
59,@Leemaz0,ยอมรับว่าเคยรัก แต่ก็เลือกเดินไปข้างหน้าทั้งที่ไม่มีเธอ 💪,2025-04-26T11:58:28Z
60,@SizE-,วนเวียน ในความทรงจำ  แต่ทำอะไรไม่ได้ 😢😢😢,2025-04-26T11:48:31Z
61,@ingfarzzznnp3630,3:22 ชอพี่กิตตอนนี้อ่ะ หน้านิ่งมาก555555,2025-04-26T11:13:28Z
62,@patinyasukunta1402,ไม่ได้จมอยู่กับอดีต ไม่ใช่ไม่เปิดใจ แต่ทำยังไง ก็ไม่เคยลืมรอยยิ้ม เสียงหัวเราะ และยังคงเฝ้ารอวันที่จะวนกลับมานะ นน.,2025-04-26T10:28:44Z
63,@Catrunjii,ความรู้สึกเหมือนได้กลับมาเจอพวกเอ็งอีกครั้งเลยว่ะ,2025-04-26T08:39:57Z
64,@prapatsorn-kt3857,ไม่ไหวจริงๆ 🥹,2025-04-26T08:35:54Z
65,@คุณศักดิ์ชายชาติสุข,โครตเพราะ,2025-04-26T05:55:10Z
66,@natagonratanopas5847,บาดแผลกำลังจะหายแล้วเชียว ปากแผลเปิดอีกแล้วเรา,2025-04-26T04:54:21Z
67,@AnuchitPoederm,กินใจสัสครับพี่,2025-04-26T04:04:15Z
68,@centy-j7y,รอลงไอจีๆๆๆ🥹,2025-04-26T03:02:32Z
69,@thailandchannel3401,😎,2025-04-25T21:02:59Z
70,@ธนาวุฒิเชิดชู,"26/4/68
เป็นวันที่เจ็บและเดียวดาย😢😢😢",2025-04-25T19:44:05Z
71,@บักเปิบฮอริเดย์,2025 ใครยังฟังอยู่บ้าง👇,2025-04-25T17:42:37Z
72,@chokchai2527,เพลงนี้ก็เป็นอีก 1 เพลงที่เป็นลายเซ็นของวง TMD,2025-04-25T14:42:09Z
73,@Nupk-gv6kc,เพลงเพราะมากๆครับ ต้องเปิดฟังซ้ำ  วนไปมา❤,2025-04-25T14:15:37Z
74,@JameWiraphat,ยิ่งฟังยิ่งซ้ำใจ,2025-04-25T13:09:39Z
75,@peemullet6186,เพลงอย่างเพราะ,2025-04-25T12:46:34Z
76,@ยศพลขุนศรีรักษา,เพลงนี้เริ่มทางร็อคมาก ชอบๆ,2025-04-25T12:35:12Z
77,@ชินจังเห้ยเห้ย,😊😊😊😊,2025-04-25T11:37:24Z
78,@runna1109,พวกนายร้องเพลงกันต่อเลย ส่วนตัวผมจะร้องไห้เอง😢,2025-04-25T10:42:04Z
79,@NutchadaSapmak,ออกเพลงใหม่ได้เลยค่ะ น้ำตาพร้อมมาก,2025-04-25T08:20:43Z
80,@lmeealongkornynwa3004,"2.15
จะมีเสียงแทรกคนจามนะครับ ลองฟังดีๆ",2025-04-25T07:27:56Z
81,@jee1732,😢,2025-04-25T06:15:46Z
82,@dekvan00,เพลงดีแต่ MV แอบใจร้าย เอาตายเลยหรอ 555+,2025-04-25T04:21:30Z
83,@NAM_MON31,ทำไมเเกอยู่ในความคิดของเราตลอดเลยว่ะะ😢,2025-04-25T04:17:16Z
84,@N9zarul,I don't speak or understand Thai but I'm loving this so much and I have been listening to it on repeat. Awesome work guys !,2025-04-25T03:52:55Z
85,@วาสนาบินรัมย์,ชอบ,2025-04-25T02:53:39Z
86,@ดาวประกายรุ่งเรืองศรี-ฦ2ฦ,ก็ว่าทำมั้ยฝันถึงเพลงแต่ไม่เคยได้ยินอ่อเพลงใหม่,2025-04-25T02:06:25Z
87,@RubybearJ,ทำไมเค้าถึงลืมเราง่ายดาย คงมีแค่เรานี่แหละที่จะเปิดใจรักใครยังไม่กล้าเลย 😢,2025-04-24T18:38:59Z
88,@oreo8799,จากวันที่ 23-03-2562 เป็นวันแรกที่เราคบกันจนตอนนี้ก้ผ่านมาหลายปีแล้วเลิกกันได้ปีกว่าก้ยังเริ่มต้นใหม่กับใครได้สักที😢,2025-04-24T17:21:31Z
89,@PEAKUN6,เมื่อก่อนมึงไม่เห็นจริงจังห์แบบนี้เลย,2025-04-24T15:42:06Z
90,@thanapornpamonaka1996,"ผู้หญิงบอก ไม่สามารถรักใครได้ไหม
กิต     บอก เหมือนกัน",2025-04-24T15:41:31Z
91,@clashnick,❤️,2025-04-24T15:08:45Z
92,@kentrainertv8475,โคตรดี!!!,2025-04-24T15:01:12Z
93,@hunmayoujiro1606,บอกแล้วไงอย่ารับมือเบสผู้หญิง 😅😅,2025-04-24T12:04:44Z
94,@น.ส.เปรมวดีสิงห์คีรี,2 ปีที่ไม่ได้เจอ ไม่ได้ยินเสียง จดจำแต่สิ่งดีๆ จำได้แค่ว่าเรารักกันมากแค่ไหน ชีวิตตามเนื้อเพลงล้วนๆ.,2025-04-24T11:20:39Z
95,@Phumsak,ดังแน่,2025-04-24T10:03:10Z
96,@nackstudio8411,🤍,2025-04-24T04:44:23Z
97,@amnad.k8979,นาที 2:14 เหมือนมีเสียงแผ่นสะดุดไหมนะครับ หรือผมคิดไปเอง,2025-04-24T03:28:48Z
98,@KritsadaModtong,เพลงโครตดีย์..,2025-04-24T02:42:23Z
99,@nonnijung,สิ่งที่จริงคือ เค้าไปมีคนใหม่นานแล้ว แต่เรายังไม่ลืมเธอ และไม่กล้าไปรักใครอีกเพราะลืมเธอไม่ได้😂😂,2025-04-24T02:39:48Z
100,@bootclashboy,👏👏👏,2025-04-24T02:14:16Z
101,@Tabikearu,สวยงามมาก ๆ เลยครับ,2025-04-24T02:11:54Z
102,@woundup8724,🥰🥰🥰,2025-04-24T01:35:21Z
103,@birdmobile28,คุณยังเผลอคิดถึงผมอยู่บ้างไหม,2025-04-23T18:17:39Z
104,@nomin-ni7pl,มีคนผ่านเข้ามาหาตั้งเยอะแยะ แต่นั่นแหละ ทำให้รู้ว่าทุกวินาทีเราไม่เคยลืมแกได้เลย 🥀,2025-04-23T17:07:47Z
105,@benzaza44,🖤🥀🐻,2025-04-23T17:00:47Z
106,@안다-71,ฟังเพลงนี้เเล้วเเบบมันกลั้นน้ำตาไม่ไหวอยากมอบให้คนๆนึ่ง😢😭,2025-04-23T16:54:14Z
107,@Spybypai,แกแชร์เพลงนี้ให้ใครในสตอรี่หรอ…แกไม่กล้ารักใครใหม่ได้ไง…ในเมื่อแกก็มีเขาคนนั้นใหม่แล้วอะ…แกรักใครไหวไปตั้งนานแล้วเราต่างหากที่รักใครใหม่ไม่ไหว 😢,2025-04-23T15:51:23Z
108,@ครูเปิ้ลสอนขับรถ,😢,2025-04-23T15:04:06Z
109,@sonsean1983,เมื่อก่อนในวงมีผู้หญิง และเป็นรักสามเศร้า สุดท้ายผู้หญิงในวงตาย เพลงนี้แต่งมานานแล้ว เพิ่งเอามาทำใหม่ เรื่องจริง,2025-04-23T14:17:13Z
110,@KyiKyi-h4k,ไปรักใครต่อไม่ไหวจริงๆ😢,2025-04-23T13:31:26Z
111,@Banananoha-m9t,แงงทิ้ง Mustang  ดังตุ๊บ,2025-04-23T13:20:59Z
112,@Tor_fr_lol,5M view ❤🎉,2025-04-23T12:23:31Z
113,@phichaaa_m94,ชีวิตในวัย 30 นี้ ฉันไม่มีเธออีกแล้ว 🖤 #ไม่กล้าไปรักใครเลย😢,2025-04-23T10:05:36Z
114,@Rimuru-kun21,เพลงนี้ตรงกับสิ่งที่ผมเป็นอยู่ตอนนี้มากๆผมลองหลายครั้งที่จะลองหาเเต่มันก็ไม่รู้สึกในใจเวลาเราเจออะไรที่เขาชอบหรืออะไรต่างๆมันชอบนึกถึงเรื่องของเขาตลอดเขามีคนใหม่เเล้วเเต่ความรู้สึกของผมมันก็ไม่ได้ลดลงเลยมันรู้เจ็บข้างในเเต่สุดท้ายเราก็ทําอะไรไม่ได้,2025-04-23T05:59:51Z
115,@KhattaleeyaSinthukhotd,เหมือนกับกูตอนนี้ซินะ!!!,2025-04-23T05:01:35Z
116,@รณชัยคําบุญเกิด-ฌ7ช,ออกจากเพลงนี้ไม่ได้เลยฟังวนอยู่อย่างนั้น,2025-04-23T04:40:02Z
117,@donutnutchalin,เริ่มใหม่ยังไม่ได้เลยจริงๆ :(,2025-04-23T04:30:36Z
118,@bootclashboy,👏👏👏👏,2025-04-23T01:19:30Z
119,@หลวงนนท์,😢,2025-04-22T18:14:04Z
120,@Luffy246-y8g,🎉,2025-04-22T15:51:16Z
121,@จักรพันธ์คงช่วย-จ7ง,🥲🥲,2025-04-22T14:45:19Z
122,@ธิติสรรตระกูลพิทักษ์กิจ,🥲,2025-04-22T14:28:58Z
123,@dearjtr4057,❤,2025-04-22T12:02:42Z
124,@minormajor5642,รักใครไม่ไหวจริงๆนะ ขนาดตัวเองยังไม่รักเลย,2025-04-22T10:59:14Z
125,@Suphachaijoho,เพลงนี้ดังแน่จากพ่อค้าขายลำโพง😊,2025-04-22T10:50:51Z
126,@อัครเดชเข็มเพ็ชร,ลองเรึ่มใหม่หลายครั่งก็ยังไม่เคยเรึ่มต้นได้สักทีเลยเพราะเราลองแล้วจิงๆๆ,2025-04-22T10:06:26Z
127,@nenhe.,ฟังจบแล้ว ร้องแล้ว ลงเพลงใหม่ต่อได้เลยค่ะ พร้อมร้องไห้ต่อ 😅,2025-04-22T08:19:41Z
128,@สิปปวิชญ์ฤทธิมนตรี,ท่อนฮุก😢,2025-04-22T07:03:34Z
129,@coocxo,100Mไปเลย สุดทางรัก😢❤,2025-04-22T05:33:14Z
130,@hassananswitchingfxxkon3912,นึกว่าจะไม่ได้เห็นซีนหมูทะซะแล้ว,2025-04-22T05:23:47Z
131,@TH-fc1tl,ผมว่าเพลงนี้วงทําให้กับพี่โอม TMD เเน่เลยค้าบ,2025-04-22T05:19:28Z
132,@ikkyu2818,รักใครไม่ไหว ไม่ใช่เพราะยังรักอยู่ แต่มันไม่กล้าไปเริ่มใหม่ สิ่งที่ยังอยู่ในใจเรามันไม่ใช่เธอ แต่มันเป็นแผลที่เธอทำสร้างไว้,2025-04-22T02:47:58Z
133,@กอล์ฟนะครับ-ญ8ศ,💖💖💖,2025-04-22T02:02:34Z
134,@fuangfahkrongngam7867,😢,2025-04-22T01:09:47Z
135,@SatapatChaisongkram,ต้องแบบนี้สิ ยกให้เป็นเดอะเบสส เลย👍👍,2025-04-22T00:51:30Z
136,@meen-y6u,อีกนานแค่ไหนกว่าทีไปเริ่มใหม่,2025-04-22T00:51:03Z
137,@parkerpeter8630,+,2025-04-22T00:22:08Z
138,@Gamesnukchannel,😌,2025-04-21T20:11:56Z
139,@noo_m3588,สุยอดด,2025-04-21T19:36:38Z
140,@tucktucktucktuck2987,ดนตรีเเน่มากครับเพลงนี้,2025-04-21T19:21:44Z
141,@Gorroreainor,รักใครไม่ไหวจริงๆเพราะยังคงคิดถึงแต่เธอคนเดิม,2025-04-21T15:22:30Z
142,@ธวัชชัยยุติ-ล3ญ,👍👍👍,2025-04-21T13:51:14Z
143,@FlukeAthit0,😢,2025-04-21T12:37:40Z
144,@OngChy,ไม่เข้าใจตอนจบ,2025-04-21T12:04:55Z
145,@MaKwangz,ก็เพราะเสพติดเพลงทรีแมนดาวน์นี่ละ  เลยมีแฟนใหม่ไม่ได้ซักที 😂😂,2025-04-21T10:57:59Z
146,@JaycbJdyfc,เป็นเธอนี่ดีเนอะ ขนาดเราเลิกกันไปตั้งนานเรายังไม่กล้านอกใจเธอเลย,2025-04-21T10:51:18Z
147,@galaewxn,เพลงเพราะกินใจมากครับ แต่เปิดมาจริงจังห์ก็หลุดขำนิดหน่อย,2025-04-21T08:26:00Z
148,@gaiger7xstudio.49,ไม่กล้าไปเริ่มใหม่จริงๆและ แต่ไม่ใช่เพราะว่ายังรักนะ แต่กลัวจะจบแบบเดิม.,2025-04-21T07:02:52Z
149,@sonsean1983,ชอบมาก,2025-04-21T06:34:14Z
150,@ณัฐวุฒิสงทุ่ง,จบไม่สวย เศร้า 555  น่าจะมีภาคต่อ นางเอกกลับเลือกพระเอกตัวจริง,2025-04-21T05:55:43Z
151,@imc6910,Chưa có ny bao giờ nhưng mà nghe bài này thất tình ngang 😛,2025-04-21T04:13:59Z
152,@Semakutee,โคตรชอบเพลงนี้ ตั้งแต่ฟังเพลงของวงนายมา,2025-04-21T03:33:41Z
153,@silky4994,"รักแค่สุข
หากทุกข์ อย่ารัก 🤍",2025-04-21T01:03:16Z
154,@จักรพันธ์คงช่วย-จ7ง,🥹🥹🥹,2025-04-21T00:09:23Z
155,@noo_m3588,เป็นวงที่ถูกใจมากก ต่อจาก bodyslam,2025-04-20T19:43:14Z
156,@kritsadadanrangub5041,ไม่กล้าเริ่มใหม่จริงๆ 🥲,2025-04-20T19:26:11Z
157,@ณัฐดนัยแก้วโก๋,😔,2025-04-20T17:22:04Z
158,@ณัฐดนัยแก้วโก๋,😢,2025-04-20T17:21:49Z
159,@pittayaphochaikot9467,เชื่อเรื่องทิศดี2วันไหมรักมา2ปีกว่าแล้วทะเลอะกัน2วันแล้วเขาคุยกันเรื่อยๆจนสุดท้ายได้เลยกันรักใครมาก็เจอเรื่องแบบนี้,2025-04-20T17:09:34Z
160,@nunthawatsrivises,แผลที่อยู่ในใจ ไม่มีใครเห็นหรอกว่ามันใหญ่แค่ไหน เจ้าของบาดแผลเท่านั้นแหละที่รู้สึกถึงมันได้ แต่ก็ยังหวังว่าวันนึงมันจะหายดี แล้วสามารถนึงมันได้ โดยไม่เจ็บปวด,2025-04-20T16:03:43Z
161,@xxypher.,ฟังเพลงนี้กับแฟนตอนยังคบกัน ผมก็เฉยๆนะครับ คิดว่าก็เพราะดี ก็tmd อีกเพลงนึง แต่พอเลิกกัน มันเพราะขึ้นเป็นพันเท่าเลยครับ มันบอกความรู้สึกทุกอย่างของผมในตอนนี้เลยจริงๆ,2025-04-20T15:41:34Z
162,@hongkongcat,LIKE from Hong Kong,2025-04-20T13:54:43Z
163,@dewxcx5722,คิดถึงมากชอบกลิ่นอาบแนวเพลงนี้สุด ตั้งแต่อัลบั้มเมือง(ผมเรียกชื่อบั้มถูกมั้ยขออภัยคับ)555555,2025-04-20T12:28:25Z
164,@เกิดมาเพื่ิอสิ่งนี้-ว8ฃ,ลอง0.9เพราะมาก,2025-04-20T12:26:15Z
165,@ณรงค์ชัยศรีสว่าง,ชอบมากเลยครับ❤❤❤❤เนื้อหาดีมากครับ,2025-04-20T12:19:07Z
166,@Dejavu0901,รัก&คิดถึง ทุกๆวัน pb🩷,2025-04-20T11:15:13Z
167,@kunchickth.5990,👍,2025-04-20T07:12:50Z
168,@fearzblacklist7530,😢😢😢,2025-04-20T06:14:06Z
169,@lovestory3518,ชอบทุกอย่าง ยกเว้นหนวดตากิต 😅,2025-04-20T05:52:37Z
170,@exwanmaiayuttaya9301,😅😅😅😅,2025-04-20T05:38:49Z
171,@acharapanyanchimpree8285,🥲🤍,2025-04-20T05:23:46Z
172,@peerapatratchusiri5564,ดู MV จบแล้วแอบนึกถึงมือเบสคนเดิม,2025-04-20T04:59:29Z
173,@อภิชาติจินพล-ห4ฑ,สำหรับคนไม่เข้าใจ MV นะครับ สรุปสั้นๆคือ นักร้องชอบมือกลองคับ 😅,2025-04-19T23:53:58Z
174,@จิติศักดิ์ศรีลาธรรม-ง1น,ลองแล้วครับ🖤😔🥲,2025-04-19T21:00:57Z
175,@saransonanan5378,"ฉันเคยลองทำทุกวิธีทางแล้ว
สุดท้ายไม่มีใครแทนที่เธอได้เลย😢",2025-04-19T20:18:19Z
176,@ธฤตนิลบรรพต-จ6ช,100m+จากคนที่ชอบแนวเพลงนี้,2025-04-19T17:27:16Z
177,@oaenatcha231,"โดนนนน,!!! ลืมเธอไม่ลง และรักใครไม่ไหว มีแค่เธอคนเดียว🥹",2025-04-19T14:32:18Z
178,@mr.indyzzz235,ตอนต้นคลิปใส่ซับผิดรึป่าวครับ ลืม ห์ จริงจังห์ 😂😂,2025-04-19T14:15:20Z
179,@FlukStory99,แทบไม่กล้าไปรักคนอื่นเลยรักใครไม่ไหว😢,2025-04-19T13:43:18Z
180,@กอล์ฟนะครับ-ญ8ศ,💖💖,2025-04-19T12:30:31Z
181,@ภานุวัฒน์เดชพร-ด6ศ,อธิบายmvให้ผมอ่านหน่อยครับผมไม่ค่อยเข้าใจช่วงท้ายๆ,2025-04-19T11:04:25Z
182,@alittlefon,เพลงมันส์มากค่ะ 👍🏻👍🏻,2025-04-19T10:37:35Z
183,@zorfaa3821,เพลงเค้าดีย์ทุกเพลงจีงๆ🩷,2025-04-19T09:41:34Z
184,@dyno8714,เพลงเพราะ   ความหมายดี ❤,2025-04-19T09:01:29Z
185,@MING-yb6jg,สำหรับคนที่งง mv ให้เอาเนื้อหาเพลง ใส่ไปที่ตัวนางเอกแทน ภาพจะชัดกว่าครับ เห็นคนที่งงส่วนใหญ่ เอาเนื้อเพลงไปผูกที่ตัวกิต ถ้าสรุปง่ายๆก็ตามนั้นเลย นางเอกชอบกิต แต่มันไปไม่ถึงจุดที่คบกันจริงจัง พอป่วย ก็เริ่มทำตัวแปลก จังหวะนี้เตมาชอบมือเบส มือเบสก็เปิดใจ และตามเนื้อเพลงเลย คือรักใครไม่ได้อีก หรือก็คือนางเอกยังคงชอบกิตเช่นเดิม คอยมองตลอด ช่วงแฟลชแบค กิตกินยา ทำนั่นทำนี่ นางเอกจะมองตลอด มันยืนยันช้อยสุดท้ายตรงที่ นางเอกเลือกโทรหากิต และพูดบางอย่าง ให้เดาคือ เป็นห่วงมึงนะ อะไรงี้ ที่มันดูไม่เหมือนฟิลแฟน เพราะ 2 คนนี้ยังไปไม่ถึงจุดนั้น แต่ชอบกัน ส่วนเตก็นั่นแหละฮะ กลับมาห้องซ้อมคนเดียว โทรไปไม่ติดใครเลย แต่นี่คิดว่าน่าจะโทรไปหากิต มากกว่าโทรหานางเอก ประมาณนี้😊❤🎉,2025-04-19T07:46:54Z
186,@싯사라인삭가린,จริงจังห์,2025-04-19T07:02:26Z
187,@thambeam4105,ว๊ากcore อย่างดี ท้ายเพลง,2025-04-19T04:50:30Z
188,@กฤติญาไชยลี,เคยพูดกับตัวเองว่าจะหยุดรักแกก็ต่อเมื่อแกไปรักคนอื่น ตอนนี้แกไปรักคนอื่นแล้วแต่เรายังรักแกอยู่เลย🥹🦖,2025-04-19T03:32:50Z
189,@thailandchannel3401,😎,2025-04-19T02:58:36Z
190,@panuwatsornprasit8103,พี่กิตกับพี่เต้ต่อยกันจริงจังมากอะ😮,2025-04-19T02:17:21Z
191,@notto1071,สอบถามแบบคนโง่ครับ Teemandown กับ only monday จะทำเพลงให้คนร้องไห้ กับอินถึงไหนครับ ชอบมาก 2 วงนี้ผมอุทิสหัวใจให้เลย แต่งเพลงข้ามอนาคตมาก เข้ากับยุคสมัย สุดแล้ว FC สุดหัวใจ 🥰,2025-04-18T18:41:57Z
192,@Emmyengpp,เมื่อไหร่พี่จะปล่อยเวอacoustic ฟังชิลๆสักทีคั้บ รอไม่ไหวแล้ว ชอบดนตรีเบาๆไม่ใช่หรี่เสียงนะ555+,2025-04-18T17:28:09Z
193,@prangtipbunkasam6999,"แต่งเพลงมาให้ร้องตาม ❌
แต่งเพลงมาให้ร้องไห้ ✅",2025-04-18T16:04:39Z
194,@aonff9188,เพลงที่ชอบมากตรงกับเราสุดๆ❤,2025-04-18T15:57:30Z
195,@สิ่งที่ถูกรู้,การเลือกวงนี้มา..ค่ายเลือกได้ถูกต้องจริงๆ three man down คือศิลปินที่แท้ทรู มีสไตล์ แบบฟังเสียง..วิธีการร้องคือ กิตเท่านั้น❤🎉,2025-04-18T15:34:16Z
196,@Pujao,15 ปีที่ผ่านไปคิดว่าลืมไปแล้ว ฟังเพลงนี้แล้วรู้สึกเจ็บปวดมากเลยครับ,2025-04-18T14:50:11Z
197,@nong-hx3rr,สถานการณ์แบบนี้เคยผ่านมาก่อน 😅เลยชอบมากๆ,2025-04-18T13:18:42Z
198,@Airsoft5188,"มีคนเคยกล่าวว่า""จะเศร้า​อะไรนักหนาว่ะผู้หญิง​ไม่ได้มีคนเดียวในโลก""
ก็กูรักคนนี้ของกูอะไม่มีใครแทนได้",2025-04-18T13:17:21Z
199,@GoodnighG9,❤,2025-04-18T13:05:09Z
200,@tenTJ,แมร่งของกู ชัดๆ,2025-04-18T12:07:49Z
201,@thisissodef2000,ปล่อยภาคต่อเลยได้ไหม,2025-04-18T08:11:52Z
202,@kittisakputjeeb,หื้อออออ,2025-04-18T08:07:10Z
203,@KingPatipol,เสียดาย ทั้งๆที่เราพึ่งแต่งงานกันและทั้งที่พี่ยังรักหนูได้มากกว่านี้แท้ๆแต่ไม่เป็นไรพี่เข้าใจเหตุผลของหนูที่เลือกจะไป ลาก่อนนะรักแรกของพี่❤️‍🩹👰🏼‍♀️,2025-04-18T06:12:35Z
204,@Chanchaitedsanor,ไปได้ไม่ไกลเพราะหัวใจฉันมีแค่เธอแต่หัวใจเธอมีเเค่เขา😢,2025-04-18T04:58:24Z
205,@Chanchaitedsanor,ไปได้ไม่ไกลเพราะหัวใจฉันมีแค่เธอแต่หัวใจเธอมีเเค่เขา😢,2025-04-18T04:57:47Z
206,@snacknawinchy9910,"""ถ้ารู้ว่าการรักใครสักคน มันต้องทุกข์ทนอย่างนี้""
  ฉันก็คงไม่รักใคร แต่วันนี้มันก็คงจะสายไป
""เพราะว่าทั้งหัวใจของฉัน มันยังมีแค่เธอ""
ถึงไม่กล้าไปรักคนอื่นเลย รักใครไม่ไหว
ยังมีแค่เธอ ยังมีเพียงเธอ คนเดียวในหัวใจ
นับต่อจากนี้ ไม่รู้ว่าอีกนานแค่ไหน
กว่าที่ฉัน จะกล้าไปเริ่มใหม่ 🖤🥺
⏳",2025-04-18T04:28:43Z
207,@budsarinposee9849,ถ้ารักแล้วเป็นทุกข์ ขอไม่รักใครอีกเลยแล้วกัน🩶🥀,2025-04-18T04:07:07Z
208,@อัมรินทร์มากภิรมย์-อ1ร,โครตจุก ยังคงหลอกตัวเองและเขา ว่าเราเริ่มต้นใหม่ได้แล้ว ทั้งที่ในใจมีแต่เขาและยังไม่มีใครแทนที่เขา เขาเล่นเราจนไม่กล้าไปรักใครอีกเลย🍃🎈,2025-04-18T03:59:14Z
209,@I_Tried0,ใครไหวไปก่อนเลย🌻🌞🌻,2025-04-18T02:21:52Z
210,@sirinapbuaphan2937,🤍,2025-04-18T02:12:33Z
211,@niveanight7459,เพราะว่าถ้าเธอรักฉันจริง,2025-04-17T18:42:24Z
212,@แหล่ทุมวารีย์,เพราะมาก,2025-04-17T17:25:31Z
213,@tiraratkongmuang6159,💙🩵🤍🩷💝,2025-04-17T14:58:41Z
214,@ThossaphonPom,ต่อให้เรามีคนใหม่สักกี่คน ก็ไม่มีใครมาแทนเธอได้จริงๆ😢😢 เศร้าเลยฟังเพลงนี้,2025-04-17T13:34:01Z
215,@parinyasomsang8292,สงสัยคงเป็นเพราะว่าเราว่ายน้ำไม่เป็นละมั้ง...เลยจมอยู่กับอดีต🥲,2025-04-17T12:19:55Z
216,@pukhai_pk,ความหมายของ MV นี้คืออะไรครับ ใครก็ได้ช่วย บอกผมหน่อย ผมเป็นคนเข้าใจไรยาก พยายามดู แต่มันไม่รู้เรื่องจริงๆ555555,2025-04-17T09:42:12Z
217,@thudaejann2101,"เอ็มวี ดีมากแต่ละเพลง ขนลุกกกก
เพลงก้ดีสื่ออารมณืออกมาได้ดีมากกก ฟังละบีบหัวใจคนอกหักมากกก แงงง",2025-04-17T09:10:52Z
218,@บิกบอสบาบูน,ถูกที่แต่ไม่ถูกเลือก😢,2025-04-17T08:57:04Z
219,@ntkntk999,ฟังแล้วก็อดคิดถึงพี่โอมไม่ได้,2025-04-17T07:55:37Z
220,@ธนพรเองจ้า,นางเอกเอมวีเป็นใครอะ…โคตรน่ารัก เป็นเราเราก็ชอบเธอ,2025-04-17T07:19:16Z
221,@phongsakondueajaem8466,"z9 รักใครไม่เป็น
TMD รักใครไม่ไหว
ร่างใหม่ใกล้ฉัน🥲💔",2025-04-17T06:59:03Z
222,@Arpo_Anpan,ดีมากกก ❤❤❤❤❤❤,2025-04-17T03:01:51Z
223,@bigjanwit3991,soundต้องแบบนี้สิ คิดถึงยุคแรกๆเลย,2025-04-17T02:58:43Z
224,@aruharu,🔥🔥🔥,2025-04-17T00:40:00Z
225,@BankChart1998,ทั้งๆที่เขาไม่เคยจำ แต่ทำไมเราไม่เคยลืม 🥺🖤,2025-04-17T00:31:11Z
226,@tks8077,รักใครไม่ไหวแล้วนะ🧔🏻‍♂️🥹,2025-04-16T17:12:10Z
227,@มานุสิตย์เคย์แมน,เห้อ ลุงมาอกหักตอนอายุ 40 สาสส แล้วกรุจะหาเมียใหม่ได้ปะว่ะ เศร้าว่ะเด็กๆ😁,2025-04-16T17:03:40Z
228,@ab-oc1dx,❤,2025-04-16T15:33:38Z
229,@ppjrschanal9096,พอมีที่ไปทางใหม่ก็วังเหวงเหลือเกิน😢,2025-04-16T15:02:34Z
230,@freetoday2074,ออกเพลงมาได้จังหวะชีวิตเลย ไม่ไหวจริงๆ ในตอนนี้,2025-04-16T13:27:45Z
231,@daruma5198,เจ็บครับ 😢,2025-04-16T13:07:52Z
232,@sorawith7346,☹️,2025-04-16T11:33:53Z
233,@kinggg0049,ฟังแล้วติดหูมากๆฟังบ่อยจนแฟนเริ่มสงสัยล่ะ😂,2025-04-16T09:13:17Z
234,@Legacyy99,ยังไงดพลงนี้ก็ 30M+ จากใจคนเคยนั่งใกล้งูจงอาง,2025-04-16T08:07:07Z
235,@น้องแบ้กกก,ผ่านมานานมากแล้ว เรายังไม่เจอใครที่มาแทนที่เจ้าของพื้นที่ตรงนี้ได้เลย…,2025-04-16T07:58:01Z
236,@sizGdivine,❤‍🩹,2025-04-16T07:44:52Z
237,@surassayoochomsuk9797,❤ฟังครั้งแรกปุ๊บต้องกลับมาฟังซ้ำต่อๆไป,2025-04-16T06:25:47Z
238,@PapriKA-X-k6c,เพลงนี้เลย เพลงนี้เลยมันโดนใจ ทั้งดนตรี ทำนอง เนื้อร้อง❤,2025-04-16T05:26:35Z
239,@tidadati7599,Move ไปนานแล้ว แกไปรักคนอื่นเหอะ,2025-04-16T05:21:15Z
240,@PatcharapornSeeraya,รักใครใม่ไหว😢😢,2025-04-16T04:44:19Z
241,@Kikikiki-is3mk,รอจนกว่าจะไม่รักแล้วกันนะ,2025-04-16T03:32:37Z
242,@KawanJannok,ทำดีแทบตายแต่สุดท้ายต้องเจ็บเอง,2025-04-16T03:15:10Z
243,@bew.swt66,เพลงรักออกมาตอนเรารักกัน เพลงนี้ออกมาตอนเราปล่อยมือกัน 😢,2025-04-16T02:52:18Z
244,@phanoukonevongchandy6686,เพลงเพราะที่รอเวลาแมส❤,2025-04-15T21:31:07Z
245,@Pimayx3101,😃,2025-04-15T19:09:09Z
246,@amkonw4741,🥲,2025-04-15T19:06:57Z
247,@Bstpny,❤,2025-04-15T18:17:58Z
248,@อิงภู่เจริญ,ไม้เข้าใจmv,2025-04-15T14:18:53Z
249,@กุตัดอ้อยแมนUNREALBOXING,เพลงที่ทำใ้ห้กู อยากเช็ค FPS OC,2025-04-15T13:59:22Z
250,@NursuwaineeTaleh,รักใครไม่ไดก็ลองกลับมาทำความเข้าใจกันใหม่น่ะ เราอาจจะเข้าใจกันมากกว่าเดิมก็ได้❤️,2025-04-15T12:00:35Z
251,@iamt_,อารมณ์ mv ยุค 90 จัดๆเลยครับ,2025-04-15T10:57:15Z
252,@maxworakan,รักใครไม่ไหว,2025-04-15T10:15:52Z
253,@maybe-bear,ฟังแล้วไม่รู้สึกว่าแพ้ใครนอกจากตัวเอง,2025-04-15T09:34:08Z
254,@st.8299,แรงบันดาลใจ mv มาจากหนังเรื่องซักซี้ดใช่ปะ,2025-04-15T06:57:49Z
255,@NorthxxNil,เจ็บทั้งเพลง ทั้งชีวิตจริง🥹🥲,2025-04-15T06:47:03Z
256,@SupachayaPumirawi,เปล่าค่ะไม่ได้รักคนอื่นไม่ได้ แต่รอรอคนที่ใช่จริงๆ กูเลือกค่ะไม่ใช่เพราะมึงค่ะ เช้อะะะะะ😂,2025-04-15T05:10:09Z
257,@studiomaut8953,วงแตกเพราะผู้หญิง เพลงนี้,2025-04-15T04:53:44Z
258,@กนกพจน์แจ่มแจ้ง-guinokst,เสียงพี่มีเสน่ห์มากครับ,2025-04-15T03:37:38Z
259,@Chipo.o,ขอบคุณที่ทำ MV แบบนี้ออกมาครับผมเข้าใจทุกอย่างแบบเข้าเส้น เพราะชีวิตจริงโดนแบบนี้มากับตัว แค่แตกต่างตรงตำแหน่งวง ไม่คิดว่าเรื่องแบบนี้จะเกิดใกล้ตัวเหมือนกันแต่อย่างว่า พอมีผู้หญิงหนึ่งเดียวในกลุ่มสุดท้ายก็ไม่พ้นกันเองอยู่ดี ถึงจะนานแล้วพอดู MV กับฟังเพลงมันย้อนจนชาเลย สุดท้ายวงแตกเหมือนกันครับผมประกาศออกวงก่อนจะได้เล่นเวทีในงานเล็กๆที่นึง เป็นใครจะทนไหวคุยกันมาเป็นเดือนอีกคนมาเสียบง่ายๆ กีตาร์มันเท่กว่าเบสไหมไม่รู้แต่ใจเขาไปแล้ว,2025-04-15T02:02:09Z
260,@xzsstp,2025 ใครยังฟังอยู่,2025-04-15T01:42:14Z
261,@FARMHUGJARUWAT,กรีดยางฟังวนไปเพลินดี,2025-04-15T01:03:30Z
262,@tarapisit6548,ไม่ไหว ลองแล้ว😭,2025-04-15T00:40:06Z
263,@ObearroO,เหมือนฟังเพลงแรกของวง ที่เป็นเพลงใหม่ ความรู้สึกแบบเดิมกลับมาเต็มเพลงไปหมด ขอบคุณน้องๆทุกคนที่ตั้งใจทำเพลงมาให้ฟังนะครับ,2025-04-14T15:53:18Z
264,@nattinonmagvong.7189,เธอทำให้เราฉุดคิดถึงทุกครั้งที่ใจเราอยากไปเริ่มใหม่,2025-04-14T15:35:14Z
265,@PoangPang,วงเข้า สู แนว ร๊อค อีโม เต็มระบบ,2025-04-14T14:57:14Z
266,@rhychan6386,หวังว่าสักวันฉันจะได้ดูคอนเสิร์ตของ Three Man Down ในอินโดนีเซีย <3,2025-04-14T12:03:00Z
267,@เมนไทยแลนด์เด้อจ้า,สงกรานต์เจอคนเก่า ได้เพลงใส่สตอรี่แล้วค่ะ,2025-04-14T11:12:02Z
268,@heinzchamnantae9680,เตกิต🤣🤣🤣,2025-04-14T11:01:07Z
269,@firstofficial7370,อยากให้มีเพลงต่อจัง 😢ว่าMVต่อจากนี้จะเป็นยังไง,2025-04-14T11:00:33Z
270,@WittawatLuesopa,ไม่ใช่ไม่อยากเริ่มใหม่ แต่ยังไม่พร้อมที่จะเริ่ม😢,2025-04-14T10:11:08Z
271,@metro2236,ฟังเพลงนี้ตอนอกหักนี่โคตรอันตราย ถ้าไปฟังใกล้งูจงอาง,2025-04-14T09:45:14Z
272,@marylyngapio169,Soon I will be able to listen to you guiz live❤😊😊🙏🙏🙏🙏❣️❣️,2025-04-14T09:39:58Z
273,@worachatP,ไม่กล้าไปเริ่มใหม่😢,2025-04-14T09:26:30Z
274,@王思智,😢,2025-04-14T09:04:58Z
275,@FLOWER1704-a,สุดท้ายแล้วเราจะกลายเป็นความทรงจํา ของกันและกัน ต่อให้ยื้อ ต่อให้ไม่อยากเรื่องของเราจบลงแค่ไหน แต่สุดท้าย สิ่งที่เราทําได้ก็คือ การยอมรับ และปล่อยให้มันเป็นไป ปล่อย ให้มันเป็นเพียงแค่ความทรงจําที่เคยเกิดขึ้น ระหว่างเรา🤍,2025-04-14T08:59:29Z
276,@Spitz_36,เพราะมาก,2025-04-14T08:36:06Z
277,@suppakittheerasutthikul6932,และที่ตรงนี้ ไม่มีใครแล้ว ประโยคนี้สุดคับ,2025-04-14T06:42:56Z
278,@Ahahahahoopp,งูจงอางปล่อยเพลงใหม่หวะ เย้ยๆ,2025-04-14T05:31:25Z
279,@wichaiarthan8087,เหมือนได้กลิ่นอาย One Ok Rock เลย หรือว่าคิดไปเอง😅😅,2025-04-14T05:17:37Z
280,@wee-q6b,มาฟังเพราะเห็นมาร้องเชียงใหม่เมื่อวาน🎉,2025-04-14T04:49:20Z
281,@7cknggunz318,🥺มูฟออนยังไง,2025-04-14T00:54:40Z
282,@Sarut_Mongkhondit,ยังมีแค่เธอ ยังมีเพียงเธอ คนเดียวในหัวใจ😢,2025-04-13T19:09:12Z
283,@PhatsanunSattayawiwat,ติดตามตลอดไป กิตตตตตต,2025-04-13T18:36:35Z
284,@thanaponn3590,การเริ่มรักใครสักคนไม่ใช่เรื่องยาก…แต่การเลิกรักใครสักคนก็ไม่ใช่เรื่องง่าย  🥲,2025-04-13T18:34:40Z
285,@Pimayx3101,ขอโทษนะ...,2025-04-13T16:48:05Z
286,@nixkll8178,มาอกหักตอนอายุ 34 จะบ้า😢,2025-04-13T15:04:37Z
287,@siranyakearwongping,เดินออกมาตั้งไกล พึ่งรู้ในหัวใจมีแต่เธอคนเดียวเสมอ,2025-04-13T13:29:11Z
288,@thwnn_n,ชอบอัลบั้มนี้มากๆเลยค่ะ ร้องมันทุกเพลง ;——;,2025-04-13T12:54:02Z
289,@นัทตี้-ท2ค,รักใครไม่ไหว เพราะหัวใจมันยังรักและรอเทอ,2025-04-13T12:39:21Z
290,@มดแดงแรงดี-ศ4ว,ไม่รู้จะรักใครได้อีกไมตอนนี้เลิกคิดถึงเขาไม่ได้จริงๆจะหลับตาก็นึกถึงเวลาอยู่กับเขาจะทำไรก็นึกเขาตอนนี้คือไม่เป็นจะทำอะไรเลย😭😁😬😬🤣,2025-04-13T11:44:10Z
291,@Channel-ui6le,😭😭😭,2025-04-13T11:42:30Z
292,@S2KH_kim,ต้องอีกนานสักแค่ไหนหรือว่าไม่มีวันนั้น วันที่กล้ารักใครอีกนอกจากเธอ😢,2025-04-13T11:04:08Z
293,@Naishukae,รักใครไม่ไหว หรือ ไม่ยอมให้โอกาสคนอื่น ยังเอาคนใหม่ไปเทียบคนเก่า มันไม่เหมือนกันหลอกนะ แต่ถ้ายังไม่เปิดโอกาส ก็อยู่คยเดียวนะดีละ ดึกว่าให้คนอื่นต้องมาเจ็บเพราะเอาเขาไปเปรียบคนเก่า,2025-04-13T11:01:08Z
294,@visabasktdt8741,บางสิ่งบางอย่างมันทำให้เรากลัวการใช้ชีวิต เพราะชีวิตซับซ้อน 😞,2025-04-13T10:37:54Z
295,@meen-y6u,เมื่อวานนี้ยังรับใครใหม่ไม่ได้จริงๆ,2025-04-13T10:13:46Z
296,@theqpid,"เลือกนางเอกเองไหมครับคุณ กิต

ถ้าใช่ คุณกับผมทับทางนะครับ🤨",2025-04-13T08:50:22Z
297,@YoEx704,เกลียดที่นีมาก@น ค ร ป ฐ ม,2025-04-13T08:13:28Z
298,@4P-kh3dp,คู่ต่อไป เส็ง-ตูน😂,2025-04-13T05:54:02Z
299,@chokunxyz8556,ุ,2025-04-13T05:05:03Z
300,@fvckbbomb8021,"ตอนนี้ยังบอกตัวเองว่า ""พอก่อนนะ"" 🤍🥺",2025-04-13T05:03:42Z
301,@bunnybenz,ตุยได้เลยนะเพลงนี้😢😢,2025-04-13T02:08:27Z
302,@AAoey12,ไม่เห็นมึงจิงจังห์แบบนี้เลย เหิ้นนเชียวว,2025-04-13T02:03:08Z
303,@numnimsuphanpkxx194,รักใครไม่ไหว มันมีแค่เธอในหัวใจ ❤,2025-04-13T01:08:01Z
304,@Armgook-f3o,♥️,2025-04-12T23:55:08Z
305,@chanasakklaphajun3016,👍👍👍,2025-04-12T23:51:08Z
306,@สุปราณีมังเดชะ-ธ9ญ,โฆษณาเยอะขนาดนี้ก็ไม่ต้องเอาเพลงมาลง YouTube ก็นะ,2025-04-12T23:13:21Z
307,@mister.tuesday,3:16 ท่อนนี่ดึงอารมณ์ถึงมาก,2025-04-12T21:58:50Z
308,@wfpt-may,เราเป็นคนนึงที่รักอิสระมากๆพอมีความรักทีนึงคือรักเค้ามากๆ8ปีแล้วยังรักมั่นคงแค่เค้าคนเดียวทุกวันนี้ยังไม่กล้าที่จะเริ่มต้นใหม่กับใครเหมือนเป็นคนกลัวความเจ็บเรื่องความรักไปเรย,2025-04-12T21:43:36Z
309,@amornphukrachat9659,👍👍👍,2025-04-12T20:30:16Z
310,@A--ne3zk,วันนี้เห็นคนคุยเก่าโดนเทแล้วเขาร้องไห้เสียใจ แต่ทำไมตอนเขาเทเราเขาถึงหายไปโดยไม่รู้สึกอะไรเลย ตอนนี้เข้าใจแล้วว่าที่ผ่านมาเราไม่ใช่คนที่เขารักไง555,2025-04-12T19:23:05Z
311,@FabrizioRomanoo,Mood เพลงโคตรดี ชวนดิ่งจัดๆ 🥹🔥,2025-04-12T19:15:40Z
312,@RE_Play-ว6ร,ถ้าเรารักใครสักคน เราจะรอเขาได้เสมอ แต่ไม่มีใครบอกเลยว่า การรอมันทรมารแค่ไหน 🙁🖤,2025-04-12T19:10:56Z
313,@พรศักดิ์น่วมดี-ฎ1ฝ,โคตรเพราะ❤,2025-04-12T16:44:24Z
314,@นุชนารถวาทานิยะกุล,รักใครไม่ไหวจริงๆถ้าไม่ใช่เธอ(ไอดื้อ)💜🤎⏰,2025-04-12T16:39:59Z
315,@เอกราชขวัญทอง,"ต่อให้คนอื่นน่ารักขนาดไหน 
ถ้าไม่ใช้เธอเราก็เฉย 🐥🌜",2025-04-12T16:30:44Z
316,@SOMBIG-o7c,ไม่กล้าที่จะรักใครนอกจากรักตัวเอง,2025-04-12T15:51:33Z
317,@PhatcharawutKhumsup,😢,2025-04-12T15:48:16Z
318,@bond.dy_,โอ้ยย,2025-04-12T15:25:58Z
319,@มดแดงแรงดี-ศ4ว,ฟังเพลงนี้ทีไรเจ็บหัวใจตลอดเลย,2025-04-12T15:25:40Z
320,@valorpass2084,ผมนึกว่าผู้หญิงในMV เป็นมือเบสคนใหม่ของวงช่ะอีก😅,2025-04-12T15:20:22Z
321,@Beam-bd6td,ขอโทษครับพระเจ้าอยู่หัว,2025-04-12T15:15:05Z
322,@Beem-j7w,@chokdee99x เพลงนี้ดังแน่ๆ,2025-04-12T14:57:44Z
323,@frommelodyy,Fans from Indonesia here❤❤,2025-04-12T13:55:22Z
324,@mynameisn4542,เป่ด คุ้ง,2025-04-12T13:33:10Z
325,@เเดงนะระ,"มีแต่คน""สมหวัง""เท่านั้นละ
ที่บอกว่าการ""รอ""มันคุ้มค่า🥀",2025-04-12T13:26:14Z
326,@AftertimeForever,นางเอก MV ครับ : saritatms,2025-04-12T12:49:29Z
327,@TiagoGaldyno,Arrepiado! Apaixonado! Eles simplesmente não erram uma. Não é à toa que são minha banda favorita. Artistas!,2025-04-12T11:42:11Z
328,@ThaiMon-f1l3y,ขอบคุณที่ทำเพลงเศร้าให้พวกเรามีความสุขครับ,2025-04-12T11:40:55Z
329,@TudTu_zamuza,"กิตไม่รู้นะ เรื่องเตกับตูน แล้วตูนรู้เรื่องเตรึยัง แต่ตู่ว่าเตน่าจะรู้เรื่อง กิตกับตูน
ถ้าตู่ไม่บอกคนอื่นจะรู้มั้ย ถูกป่าว 🙃",2025-04-12T11:39:35Z
330,@yata.alam.bisababik,ก้ตั้งนานแล้ว เธอยังติดอยู่ในใจ,2025-04-12T10:12:07Z
331,@JETNIPHAT7,ทำไมกันนะนี่ก็นานแล้ว แค่คนคนเดียวทำไมยังคิดถึงแบบนี้,2025-04-12T09:58:20Z
332,@Mewraxin17,อยากลืมเธอแต่ใจจดจำแต่เธอ,2025-04-12T09:43:02Z
333,@chookiatchayanon8795,เริ่มใหม่ว่ายากเเล้ว....ลืมคนเก่ายากกว่า เยียดเปียด,2025-04-12T09:38:52Z
334,@tnanakit1414,นี้ก็ผ่านมาหลายเดือนละนะตั้งเเต่ก่อนปีใหม่พี่ยังลืมหนูไม่ได้เลย  กลับกันหนูลืมพี่จนมีใหม่เเล้วก็เลิกไปเเล้วด้วยซ้ำ อยากจะเก่งให้ได้ซักครึ่งของหนูจัง😢 NN,2025-04-12T09:17:06Z
335,@PPAENG1988,ออกมาแต่ละเพลงงง งืออออออออ 😢😢😢😢😢😢😢😢😢 จุกอก😢😢😢,2025-04-12T08:38:58Z
336,@yahyanologo4277,สำหรับคนที่ไม่ชอบอธิบาย #เพลงนี้ตรงสุด❤️‍🩹,2025-04-12T08:01:39Z
337,@Nutnatee-ve3fg,😓,2025-04-12T07:46:05Z
338,@qqq5107,3:16 ต่อยกันทำไม😢,2025-04-12T07:43:28Z
339,@สุขไปทั่วกัญ,🥹,2025-04-12T07:00:48Z
340,@mxhousedychannel7359,วงนี้เหมาะกับเพลง อกหัก คิดถึงแฟน ที่สุดละเอาจิง,2025-04-12T06:46:07Z
341,@KAMOLNAET,❤,2025-04-12T05:58:52Z
342,@JopikolDalino-n1l,พอดูMV แล้วทำไมผมนึกถึงหนังเรื่องซักซี้ด 😂,2025-04-12T05:58:29Z
343,@babyjedi04,ใครมีวาป์นางเอกMVไหมครับ 🥺,2025-04-12T05:44:01Z
344,@Kannalinnn,เค้าไปรักคนอื่นนานแล้ว แต่เรายังไม่ไปรักใครเลย นอกจากแก,2025-04-12T05:34:46Z
345,@กฤติเดชพิณเสนาะ,เป็นเพลงที่พาเศร้าได้แม้จะไม่มีแฟนก็ตาม,2025-04-12T04:59:32Z
346,@ธรรมะจันทะมาลา,ในmvพี่ๆต่อยจิงไหมคับหรือว่าแสดง,2025-04-12T04:58:16Z
347,@nititonmahajampa1706,นึกถึงซักซี๊ดห่วยขั้นเทพ,2025-04-12T04:55:04Z
348,@QW_08,โต้คิดถึงไอซ์เผื่อผ่านมาฟังเพลงนี้โต่ยังไม่บทมไอซ์นะ😢,2025-04-12T04:36:47Z
349,@maxworakan,😢,2025-04-12T04:29:29Z
350,@PPN-w5d,สั้นๆครับ Move on เป็นวงกลมครับ กับรักครั้งล่าสุด ไม่ใช่ว่าจมกับอดีตนะ แต่หลายๆสิ่งหลายๆอย่างมันคือครั้งแรก รักครั้งล่าสุดเป็นทั้งความสบายใจเป็นหลายอย่าง จนผมแทบไม่อยาก Move on เลยเพราะยังรักอยู่,2025-04-12T03:50:25Z
351,@เกรียงไกรอัฐนาค-ฐ3ฆ,"ไททิศมิตร : บอดี้สแลม
ทรีแมนดาว : โปเตโต้ 
😂😂😂",2025-04-12T03:25:29Z
352,@iloveanime2151,1,2025-04-12T02:43:13Z
353,@Anathapon,คำว่าทุกอย่างพี่โคดเท่เลย,2025-04-12T02:42:41Z
354,@TudTu_zamuza,อื้อ อันนี้เพลงรักของแท้ เฮอะ  ฟังแล้วคันแข่วว่ะ เหมือนนอกใจไปแล้วครั้งนึงยังงัยไม่รู้ พรอยไอกิตแอบมีคัยป่าววะ 🤭🤭 เสียงมันบอก,2025-04-12T02:25:02Z
355,@มากี้จอมป่อน,"เธออาจจะใช้เวลาไม่นานที่ลืมเรา
แต่เธอรู้ไหมเราไม่เคยลืมเธอได้เลยสักวัน😢",2025-04-12T02:15:45Z
356,@เพียว-ฮ7ท,ไม่อยากรักใครอีกแล้วแหละ,2025-04-12T02:14:23Z
357,@เชิดชัยสวัสดิ์ศรี,"ทั้งที่มันก็นานแล้ว จบไปนานแล้ว
และที่ตรงนี้ ไม่มีใครแล้ว แต่ทำไมตัวของฉัน",2025-04-12T02:09:31Z
358,@phasuthontop1771,ใครจะไหว  แต่ตั้งเลิกกัน วันแรกจนถึงวันนี้ ไม่มีวันไหนไม่คิดถึง ไม่นึกถึง แล้วแบบนี้ใครจะเริ่มใหม่ไหว สรูปเราก็อยู่ที่เดิม ไม่ได้เดินหน้าไปไหนสักก้าว,2025-04-12T01:59:54Z
359,@f_7930,😢,2025-04-12T01:49:38Z
360,@iliss4189,ดีเลย,2025-04-12T01:06:05Z
361,@นิรุตสิงห์นาซาว,มันโดนจังๆวันนี้พอดี😢😢😢,2025-04-12T00:54:52Z
362,@aille_eli,I DONT EVEN HAVE AN EX BUT WHY THIS SONG MAKES ME CRYYY 😭😭,2025-04-11T23:46:11Z
363,@RyoPG,จากคนที่ไม่เคยฟังเพลง TMD มาก่อน เคยฟังแต่เพลงที่ดังๆเช่น ฝนตกไหม ถ้าเธอรักฉันจริง ไรงี้ พอมานั้งฟังทุกเพลงในอลบั้มจริงๆแล้วมันดีมากกกกกกกก แล้วยิ่งดูไลฟ์ที่อิมแพค กลายเป็นคนที่ชอบวงนี้ไปเลย รู้สึกมันมันส์มาก จนเป็นความฝันที่อยากจะมีวงดีๆแบบนี้สักครั้งนึง สุดยอดมากครับ จะติดตามผลงานตลอดไป❤,2025-04-11T19:50:55Z
364,@Armgook-f3o,♥️,2025-04-11T18:49:26Z
365,@champzzomg3735,ต้องร้องไห้ทุกเพลงใช่ไหม 😢😢😢,2025-04-11T18:08:41Z
366,@hliwhxm,ไม่กล้าไปเริ่มไหม่เรย กลัวเขากลับมาไม่เจอเรา 😢,2025-04-11T17:55:52Z
367,@ForceToysUs,ผมลืมเขาไม่ได้สักที พอจะก้าวออกจากลูป มันเหมือน รสว่าเขาจะกลับมาทุกครั้งเลย มันเหมือนเขายังอยู่ตรงนั้นอยู่ข้างหลังแต่พอหันไปไม่มีใครแค่เราคิดไปเองมันเลยเป็นลูปที่ไม่มีวันจบละหายไปเลยจิงๆผมคิดถึงเขามากอยากเจอเขาอีกตอนเขาบล๊อกผมทุกทางเพลงวงของพี่ก็ออกพอดีชื่อว่า ไม่ให้ไป tmd พอผ่านมาอีก เพลงนี้ทำให้ผมรสว่าใช่ผมไม่ไปไหนเลยจิงๆมันไม่ไหวสักอย่างเลยเนาะผมร้องไห้มากๆพอฟังเพลงมันตรงกับความรสผมไม่กล้าลบรูปในไอจีเพราะกลัวมันจะไม่เกิดขึ้นอีกใช่ละมันก็เป็นแบบนี้เรืื่อยมา เธอเขามาทำให้ผมรสดีมากๆละยิ้มมากตอนเราอยู่ด้วยกันเราใช้เวลาไปเร็วมากๆพอรู้ตัวอีกทีเขาไม่ได้อยู่ตรงนี้แล้วผมรั้งเขาไว้แล้วทำทุกอย่างแต่เป็นตัวผมเองที่ไม่เคยนึกถึงว่าเขาอยากจะไป ทุกวันนี้ทำได้แค่ดูรูปกับวีดีโอที่เราไปกินข้าวด้วยกันบ่อยๆใช้เราทำงานที่เดียวกันครับตอนนี้เขาไปเรียนต่อแล้วส่วนผมยังอยู่ที่เดิมๆเลยถ้าเขาได้มาอ่านเม้นนี้ ผมอยากบอกความรู้สึกว่าผมคิดถึงเขานะไม่ว่าตอนนี้เขาจะทำอะไรอยู่จะอยู่ที่ไหน อยากให้รู้ว่าเป็นห่วงตลอดไม่ต้องกลับมาก็ได้แค่เขาอ่านละรับรู้ว่าผมยังรอเขาละหวังดีกับเขาเสมอ ผมคิดถึงคุณนะGail ผมพยายามแล้วจิงๆที่จะลบทุกช่วงเวลาของเราแต่มันยากไปจิงๆ พร่ำเพ้อบ้ามากเลยเนาะผมนี่ไม่ไหวเลย แต่ขอให้ทุกวันของคุณเจอแต่เรื่องดีๆนะ เชียงใหม่เราเราบอกจะไปกันผมไปมาแล้วนะ ละจะไปทุกๆปีเลย รู้ป่ะตอนนี้ ผมกลับมาทำงานที่เดิมละนะทำที่ๆเราเจอกัน ผมกลับมาที่ๆเดิมมันยังเหมือนเห็นคุณอยู่ตรงนั้นจิงๆทุกครั้งที่เดินผ่านคิดถึงมากจิงๆ Gail,2025-04-11T16:57:10Z
368,@matongg9507,Intro แต่ละเพลงของ TMD คือดีไม่ไหว,2025-04-11T16:45:05Z
369,@fourto3481,รักใครไม่ไหวจริงๆ,2025-04-11T16:30:40Z
370,@dewajaru1987,"ไม่เคยผิดหวังเลย
TMD",2025-04-11T16:24:13Z
371,@sirinapachueanongpong9908,😢😢😢😢😢,2025-04-11T16:21:48Z
372,@yumcoke_FB,ตอนที่เพลงฝันถึงแฟนเก่าออกใหม่ๆ เราแชร์เพลงนี้ลงไลน์ด้วย แต่ ช่วงนั้นเรากับแฟนเก่าเลิกกันมาได้สักพักแล้ว Three man down ออกเพลงตรงกับชีวิตมากจริงๆนะ เราไม่คิดว่าเขาจะเห็นว่าเราโพสเพลงนี้ลงเหมือนกัน จนเราได้เข้าไปส่องทวิตเขา เขาแชร์เพลงนี้เหมือนกัน และเขาบอกว่า เขาชอบเพลงนี้มากและกลายเป็นติดเพลงนี้ไปเลย แล้วเขาก็พูดถึงเรื่องเก่าๆ ทุกๆวันที่28 เราจะอยู่อวยพรวันครบรอบด้วยกัน ทุกวันที่28มันจะมีเขาเสมอ และทุกวันคริสต์มาสเขาจะอยู่ด้วยกันทุกปี แม้กระทั่งวันเกิดเราก็อยู่ด้วยกัน คอยให้กำลังใจกันและกัน เขาแอบแม่เล่น ทรศ และมาเบิดเดย์ให้เราเป็นคนแรก ตอนนี้ผ่านมาเกือบ 5ปีแล้ว เราใช้ชีวิตปกติ ช่วงแรกมันหนักมากจริงๆอันนี้ยอมรับ เพราะเขาคือคนแรกในทุกๆอย่างของเรา เราคิดว่าเฉยๆกับเขาไปแล้วไม่รู้สึกอะไรแล้ว จนตอนนี้ Three  man  down  ออกเพลงนี้มาใหม่ มันทำให้เรารู้ว่าเราไม่เคยลืมเขาได้เลยจริงๆ 😢,2025-04-11T16:10:38Z
373,@kafiw05,ผมคนเดียวก็ 100 วิว+++ แล้วครับ,2025-04-11T16:03:53Z
374,@noppakaomt,ที่สุด,2025-04-11T15:58:28Z
375,@bnmfg007,เหมือนsuckseedเลย555,2025-04-11T15:25:20Z
376,@wann145,รักใครไม่ไหวจริงๆ,2025-04-11T14:35:19Z
377,@chobheekub,หยุดฟังไม่ได้😂,2025-04-11T14:33:44Z
378,@cov9853,"𝕎𝕒𝕧𝕖 𝟙𝟘𝟘𝟘𝕣𝕣 𝕣   วิธีทำ ผัดกะเพราหมูสับ
หั่นหมูสันคอออกเป็นชิ้นๆ แล้วสับหมูออกให้ละเอียดตามความต้องการ แล้วพักไว้
โขลกพริกแห้งให้ละเอียด แล้วใส่พริกแดงจินดา และกระเทียมโขลกตามลงไปให้ละเอียด (สามารถปั่นแทนได้ ตามความชอบ)
ตั้งกระทะให้ร้อน ใส่น้ำมันพืชลงไปพอประมาณ ผัดพริกและกระเทียมให้มีกลิ่นหอม
เมื่อพริกกระเทียมหอมได้ที่แล้ว ใส่หมูสับลงไปผัดให้กระจาย ไม่เกาะกันเป็นก้อน ผัดให้เข้ากับพริกกระเทียม ให้หมูสุกในระดับนึง แล้วปรุงรสด้วย น้ำมันหอย น้ำปลา ซอสปรุงรส และซีอิ๊วดำหวาน น้ำตาล เล็กน้อย เร่งไฟผัดให้เข้ากัน ชิมรสชาติ แล้วใส่ใบกระท่อมลงไปผัดให้เข้ากัน ปิดเตา แล้วตักแดกกกก",2025-04-11T13:59:49Z
379,@fanthaianisong5674,เพลงโครต rsยุค2000 เลย,2025-04-11T13:39:11Z
380,@MouseNoCap,เมื่อก่อนไม่เห็นจริง จั๊ง แบบนี้เลย 🤣,2025-04-11T13:34:01Z
381,@Detailele9090,อธิบายเนื้อเรื่องทีครับใครก็ได้,2025-04-11T13:17:11Z
382,@saraninthesun8340,กลิ่นอายเพลงบอดี้สแลมมากกกกกก,2025-04-11T13:13:02Z
383,@KMcc-01,เชรดด ไว้เครา,2025-04-11T12:58:44Z
384,@Watthana_patchanee,:),2025-04-11T12:50:07Z
385,@ธวัชชัยนิ่มมาก-ป7ท,มาเจอเพลงใหม่นี้โคตรตรงชีวิตเราตอนนี้มากที่สุดเท่าที่สุดที่เคยฟังเพลงมาสุดท้ายเราก็รู้แล้วว่าบทสรุปสุดท้ายเป็นเราที่รักแกมากกว่าเรายังใช้ชีวิตวนอยู่ที่เดิมส่วนแกได้เริ่มต้นชีวิตใหม่เป็นครอบครัวที่สมบูรณ์แบบเรากลับจดจำทุกเรื่องราวของแกที่ใช้เวลาร่วมกันมา9ปีชัดเจนมากขึ้นทุกๆวันและวันนี้เป็นวันที่เราได้พบเจอแกในรอบ3ปีที่แยกย้ายกันไปแต่เธอทำเหมือนเราไม่เคยผ่านมารู้จักกันเลยด้วยซ้ำคนที่ทรมารที่สุดไม่ใช่คนที่บอกเลิกหรือคนที่ถูกทิ้งแต่คือคนที่ยังรู้สึกรักเหมือนเดิมอยู่ตลอดเวลา แต่เราก็ทำได้เพียงให้เกียรติเเกโดยที่ไม่เข้าไปวุ่นวายกับชีวิตแกอีก,2025-04-11T12:29:00Z
386,@THEDONCLAN-y8l,ต่อยกันเองซะละ,2025-04-11T12:27:11Z
387,@misterhm3720,กำลังซึ้ง อินกับเพลงคิดถึงคนเก่า พออ่านคอมเม้นเท่านั้นแหละ เรียบร้อยครับ,2025-04-11T11:32:29Z
388,@12amyeon61,ผมฟังจบแล้วครับ ลงเพลงใหม่ต่อไปได้เลยครับ❤,2025-04-11T11:22:13Z
389,@panjonhomdrug1563,เธอไม่ใช่คนดีที่สุด เธอไม่ใช่คนเก่งที่สุด แต่เธอคือคนที่ผมรักที่สุด คิดถึงมึงจังเลย😭,2025-04-11T11:16:14Z
390,@markkub196371,นี่แหละลงตัวที่สุดแนวทางของ TMD ยุคสมัยของ 3 ทหารเสือกำลังขึ้นสู่จุดสูงสุดแล้วรอวันคอนใหญ่จังๆสักครั้งนึงเลย,2025-04-11T10:56:23Z
391,@sleepnow-y2k,ยังไงก็21 ล้านจากใจคนเพาะพันธุ์จิ้งเหลนไฟ,2025-04-11T10:28:23Z
392,@สุชานุชมาลทอง-ฑ7ฃ,จะลืมได้ไง ต้องเห็นหน้ากันทุกวัน🥺,2025-04-11T10:10:02Z
393,@wavepattharayuth,"คบกันมา 7 ปี เลิกกันได้ 5 เดือน แทนทีจะลืมแล้วแต่กลับจำได้ทุกอย่าง
ไม่กล้ารักคนอื่น รักใครไม่ไหว ยังมีแค่เธอ คนเดียวในหัวใจ
#เพลงรัก #รักใครไม่ไหว ต่อไปเพลงอะไร ขยี้หัวใจเหลือเกิน 😊😊",2025-04-11T09:52:15Z
394,@Cooper1123,เพราะกว่าเพลงไ้อ่แจ๊สอีก,2025-04-11T09:45:01Z
395,@พันกรัม,3:24 ชอบเสียงพี่กิตท่อนนี้ก่อนเข้าฮุกสุดท้าย มันทั้งเพราะและเหมือนจะขาดใจแล้ว 😢,2025-04-11T09:25:26Z
396,@nawee463,เมาแล้วก็ ขอโทษที่ติดต่อไป เพราะตอนนี้ยัง รักใครไม่ไหว,2025-04-11T09:13:23Z
397,@KulthidaPiboonsawat,มีคนเคยบอกเราว่า เค้าฟังเพลง TMD ทั้งอัลบั้ม เพราะรู้ว่าเราชอบ TMD ถึงแม้ตอนนี้เราจะไม่ได้คุยกันแล้ว เราก็หวังว่า เค้าจะยังเข้ามาฟังเพลงนี้ของ TMD อยู่นะ T^T,2025-04-11T09:02:19Z
398,@มดแดงแรงดี-ศ4ว,จริงค่ะหนูไม่สามารถลืมเขาได้เลยมีคนอื่นจะมาคุยเราก็ทำใจคุยคนอื่นไม่ได้จริงๆ😢😢😢,2025-04-11T09:02:02Z
399,@TaraninTree-f3s,ฟังจบแล้วครับ ร้องไห้ต่อเลยครับ,2025-04-11T08:58:39Z
400,@neoihkan4851,“เมื่อก่อนมึงไม่เห็นจริงจังห์แบบนี้เลย”,2025-04-11T08:52:03Z
401,@Siwakorn-p1q,ชอบมากครับมีอารมณ์เลย💦,2025-04-11T08:45:25Z
402,@St.jxljelly,😢,2025-04-11T08:38:52Z
403,@pimmutita365,ฟังจบแล้วออกเพลงใหม่ต่อได้เลยค่ะ,2025-04-11T08:36:00Z
404,@M3p0-7h,อยากจะรักเทอในไหนแบบที่สุขสบายไม่ให้อยากให้เทอมาลำบากใจด้วย 😊,2025-04-11T08:29:01Z
405,@วอลนัท-ส3ฑ,ขอวาปนางเอกหน่อยครับ😊,2025-04-11T08:25:14Z
406,@phouttavanhsixanonh3843,🙁,2025-04-11T08:16:20Z
407,@univerzt8961,ขอโทษครับพี่่ผักบุ้ง ผมว่าผมรักพี่เกินไป ผมขอรักพี่คนเดียวของผมแบบนี้ต่อไปนะคับ พี่คือความสดใสเดียวของผม❤,2025-04-11T08:03:02Z
408,@กิตติพรราชสีห์-ต7ฝ,"พยายาม แล้วครับ
แต่ก็ยังรักใครไม่ได้จริงๆ
ทั้งที่จบกันไปเกือบ4ปีแต่ในใจยังมีแค่เค้าคนเดียวอยู่เลย",2025-04-11T07:56:01Z
409,@kitsadaduangkam6917,เพลงดีมีคุณภาพ ต่อยกันแค่ใน MV พอนะคัับบนเวทีไม่ต้องนะ รักคับTMD🫰🏻,2025-04-11T07:53:39Z
410,@Armgook-f3o,♥️,2025-04-11T07:38:29Z
411,@Paveerada,กิตพูดคำหยามคายเก่ง ไม่เหมือนมากกว่าเต้ละ😂😂,2025-04-11T06:59:32Z
412,@montirarac8460,อกหักทิพย์,2025-04-11T06:50:00Z
413,@ppy99s,ใครมีวาร์ปคุณฟ้านางเอก mv บ้างไหมคะ ดูมึเสน่ห์มาก,2025-04-11T06:29:44Z
414,@bbmeowww,เหมือนจะเลิกรักเธอได้ สุดท้ายพอเจอเธอก็รู้เลยว่าตัวเองยังรักเธออยู่เสมอ ไม่เคยเลิกรักเธอได้เลย🙁,2025-04-11T06:02:49Z
415,@mr.srurpee1216,เเอดกิตชก1เเต้ม,2025-04-11T06:01:54Z
416,@Kheemook24,นี่เข้าใจว่า หวงมือกลอง หรือข้าพเจ้าเข้าใจผิด,2025-04-11T05:59:30Z
417,@mheeelder,เต : บอกแล้วใช้มั้ยว่าให้ซื้อหมี่เกี๊ยว!!!,2025-04-11T05:33:42Z
418,@Santacros.,ผมเกลียดคุณไม่ได้หรอก เหมือนที่คุณรักผมไม่ได้,2025-04-11T05:24:58Z
419,@pp_spy,ถ้าเอ็งได้เข้ามาฟัง อยากจะบอกว่าเนื้อเพลงทั้งหมดตรงกับข้ามากๆ ข้าคิดถึงเอ็งทุกวันมาตลอดจะ5ปีแล้ว ยังไม่เคยลืม และคิดว่าคงไม่มีทางลืมได้หรอก กระดาษที่เขียนบอกชอบเอ็งวันนั้น ข้ายังจำได้ดี มันมีฉบับที่2ด้วยนะ อยากให้เอ็งได้อ่าน คิดถึงเอ็งมากๆเลย พี่เป็ด😢,2025-04-11T05:08:42Z
420,@ConSidTra,ผมไม่สามารถรักใครได้อีก เพราะหัวใจของผมแตกสลายไปหมดแล้ว,2025-04-11T05:06:56Z
421,@mitchaisiri1996,เพราะในใจเรายังไม่เคยลืม 🫠,2025-04-11T04:38:58Z
422,@njmnwp2047,เพลงโคตรดี โดนทุกท่อน จะบ้าา,2025-04-11T04:37:18Z
423,@sodeso52,"ผมรักใครไม่ไหวแล้วจิงๆนะ
15เมษาเจอกันที่เซ็นทรัลอยุธยานะคับ
ทรีแมนดาว เรารอพวกคุณอยู่",2025-04-11T04:26:51Z
424,@phengkanyaaphilak6355,besttttttt,2025-04-11T04:06:37Z
425,@Centralget,พี่ต่อยกันทำไมค้าบบ,2025-04-11T03:51:42Z
426,@สุภาพร-ฉ5ฟ,ร้องไห้จบเเล้วเพลงใหม่มาซ้ำได้เลย😂,2025-04-11T02:59:14Z
427,@iloveanime2151,1,2025-04-11T02:54:11Z
428,@bloodygalz4920,อยากฟังเพลงนี้ร้องสดมากๆเลยค่ะ 😢 นั่งวนเพลงนี้มาเป็นชัวโมงร่ะ,2025-04-11T02:00:55Z
429,@dalimask9602,SuckSeed,2025-04-11T01:58:47Z
430,@boonyaridtongkham5738,นางเอกเดียวกันกับ [ฉันอยากเห็นเธอยังยิ้มได้อยู่] ของ Bodyslam  ใช่รึป่าวครับ,2025-04-11T01:58:20Z
431,@wasawatchittachalothorn7839,เพราะเลย  นี่แหละ กลิ่นอายของ ทรี แมน ดาว,2025-04-11T01:56:37Z
432,@120วาสนาถุงคํา,โดนมากเลย😢,2025-04-11T01:49:35Z
433,@อ่านสิจ๊ะ,เสียงดนตรีเพลงนี้ดังกว่าเสียงร้องอีกนะ,2025-04-11T01:47:22Z
434,@วรเมธสาดา-ช6ภ,เพลงนี้โครตโดน,2025-04-11T01:33:43Z
435,@nr.tuckonelow-thc-1371,เธอยังคือที่หนึ่งในใจผมเสมอ#เขมิกา🥹,2025-04-11T01:31:17Z
436,@ตังเกที่แปลว่าผู้ที่ผิดหวังเสม,บางทีเหตุผลมันมีไม่กี่อย่าง  ที่เราไม่เคยคิดไปรักใครใหม่ได้อีก,2025-04-11T01:20:16Z
437,@arnonsukhum,ร้องไห้เสร็จแล้วครับ ลงเพลงใหม่ต่อเลยครับยังไหว,2025-04-11T01:02:34Z
438,@GkCh-i1x,เพลงนี้ทำให้ฟังไม่จบเพลง น้ำตาจะไหล,2025-04-11T00:51:31Z
439,@f4nkz,เวลาของกูเหลือไม่มากแล้ว กูรอมึงต่อไปไม่ไหวแล้วว่ะเพื่อน😂,2025-04-10T23:31:29Z
440,@exonaxd9285,โหยเพลงโครตดีย์MVดีอีกแล้วชอบมากโดยเฉพาะฉากนี้01:20ทำให้นึกถึงตอนซ้อมดนตรีกับเพื่อนเลย❤,2025-04-10T22:54:18Z
441,@ashbornxg5228,สงสารนางเอก เสียน้ำตา สองMVละ 55,2025-04-10T22:49:20Z
442,@Wxchxm08,ก็จริงทั้งที่จบไปนานแล้วทำไมถึงไม่กล้าไปเริ่มใหม่สักที,2025-04-10T22:48:31Z
443,@wannasalevtg,อย่างกับเเต่งเพลงให้เพื่อนมือเบส เห็นมีเบสวางไว้ตอนจบ,2025-04-10T21:37:39Z
444,@Nani-xg8hk,เมื่อก่อนมึงไม่เห็นจริงจัง(ห์)แบบนี้เลย,2025-04-10T21:00:18Z
445,@RECON66-c2g,^^,2025-04-10T19:57:53Z
446,@BBBOOM-l8s,ป้ายยา นางเอกMv หน่อยครับ เห็นหลายMvละ อยากตามผลงานครับ,2025-04-10T19:48:29Z
447,@betamotwin,สองปีกว่าเเล้วที่จากกัน ไม่เคยหมดรักเลยทั้งๆที่เธอไปรักคนอื่นนานเเล้วส่วนทางนี้รักใครไม่ไหวจริงๆ😭,2025-04-10T19:40:04Z
448,@xblackland6470,เพลงนี้ทำชั้นอกหักเว่อ ไม่ต้องมีแฟนฟังแล้วก็เศร้าได้อ่า ทำถึงสุดๆ,2025-04-10T18:46:59Z
449,@PCLM-q8z,ทำไมเธอถึงรักคนอื่นได้ทั้งๆที่ตอนนั้นมีเราอยู่ด้วยได้ลงนะ.😢,2025-04-10T18:37:34Z
450,@เซลากาโปย-A19,แล้วแบบนี้เมื่อไหร่จะ Move on จากเค้าได้อ่ะ🥺,2025-04-10T18:30:19Z
451,@YanikaBoontum,ฟัง ไปแล้ว 200 รอบ 😂,2025-04-10T18:29:28Z
452,@nakarinpr,เพลงสมัยนี้ดีหว่ะ ไม่ต้องสนวรรณยุกต์,2025-04-10T18:26:07Z
453,@Nathapon-s9l,ฟังครั้งแรกกก็ติดหูละอะไรเนี่ยยยโอ้ยยชอบ,2025-04-10T18:00:49Z
454,@andareeyahyama8950,คนที่เคยเป็นโลกทั้งใบของเรา จะให้รักใครใหม่ได้ยังไงไหว,2025-04-10T17:56:34Z
455,@holy141,ความสัมพันธ์ที่เคยเป็นโลกทั้งใบของเรา. .🌻,2025-04-10T17:46:39Z
456,@priew5373,ติดหู ตั้งเเต่ฟังวันแรกเลย ❤,2025-04-10T17:18:04Z
457,@สุมาลิน_แม้นวิลัย,ไม่กล้าไปรักใครจริงๆ ลองคุยก็แล้ว แต่มันไม่ได้ เขายังติดอยู่ในใจตลอด😢😭,2025-04-10T16:54:03Z
458,@marylyngapio169,I misss you Guiz welcome back Three Man Down🥺🥺🥺🥺🥹🥹🥹. I miss this type of signature melody and lyrism of TMD. ❤❤❤💓💓💓.,2025-04-10T16:50:35Z
459,@007sarawut,ทำเพลงที่มีกลิ่นอายยุค 2000ต้นๆ เลยดีมากครับ,2025-04-10T16:38:45Z
460,@champthesoy1677,ขอให้พี่กิตหายป่วยกลับมามองเห็นได้ปกติครับ พระคุ้มครอง🙏,2025-04-10T15:50:10Z
461,@FahChu-k5n,😢,2025-04-10T15:28:26Z
462,@CANDYx9,❤❤❤,2025-04-10T15:19:57Z
463,@djs2875,พูดถึงอดีตสมาชิกรึป่าวววว หรือ ไสตล์แบบแรกเริ่มของตัวเอง ❤,2025-04-10T14:43:08Z
464,@Tew1122zx1,ห่างกันไปนานมาก แต่ไม่มีวินาทีไหนไม่คิดถึง แค่อยากรู้ว่ามีซักแว๊ปหนึ่งไหมที่เขาจะคิดถึงเรา แค่นึกถึงก็ยังดี❤,2025-04-10T14:42:39Z
465,@gg21may,😢,2025-04-10T14:41:09Z
466,@nY0ree_joRee,딱 쓰리맨다운 감성이다.ㅠㅠ,2025-04-10T14:40:16Z
467,@23Z_zzz,✌🏻,2025-04-10T14:39:41Z
468,@tangtong3340,คิดถึงโว้ยยยย😭,2025-04-10T14:34:53Z
469,@theerawutsonpakdee3987,โดนใจมาก ฟังตลอดเลย😊,2025-04-10T14:25:35Z
470,@nichachonnicha-nicha,เพลงดีมากเลยฮือ🥺,2025-04-10T14:16:03Z
471,@peppona05,กลิ่นบอดี้แสลมแรงมาก,2025-04-10T14:04:49Z
472,@kittikhunsukasem5142,0:19สำหรับที่ไม่อยากฟัง teaser,2025-04-10T14:03:47Z
473,@autro2ity,ฟังเพลงนี้แล้วทำให้ไม่อยากฟังเพลงอื่นอีกเลยในช่วงนี้😂 ขอบคุณที่ทำเพลงที่เป็นคำตอบอยู่ในใจของผมนะคับ เป็นกำลังใจให้คับ😊,2025-04-10T13:40:59Z
474,@blackcatmeow9072,ขอเพลงรักๆๆ มั่งได้ไหมพี่กิตงับ เศร้าทั่งปีแล้ว,2025-04-10T13:31:50Z
475,@rttnk632,เต้นได้สะใจมากกกกก❤️‍🔥❤️‍🔥,2025-04-10T13:10:48Z
476,@AnaiiPm,เจ็บปวดส่วนเรา  แต่เขาเริ่มต้นใหม่ได้ดี🥲,2025-04-10T13:08:46Z
477,@aumcholnida5719,❤,2025-04-10T13:08:15Z
478,@methawinjohnvirat1325,นางเอก MV คือใครหรอครับ น่ารักดีอยากติดตาม,2025-04-10T12:46:57Z
479,@jhachinnaporn3506,"คนที่ถามว่า จะอยู่ด้วยกันมั้ย
คนที่ ลังเลว่าจะอยู่หรือไป
คนที่ไล่ให้เราออกไปจากชีวิตเค้า คือคนคนเดียวกัน 
ตอนรักกัน ตกลงกัน2คน พอเลิกกันกลับคิดอยู่คนเดียว",2025-04-10T12:35:55Z
480,@saranyaainsornsuwan55,เพลงรัก มีแค่เพลงเดียว ที่เหลือเพลงเศร้าเคล้าน้ำตา😢,2025-04-10T12:08:05Z
481,@SamirNasri1771,เรียบร้อยวงแตก,2025-04-10T12:07:46Z
482,@EMZs9r,"คุณจะรักใคร 
หรือไม่รักเราแล้ว 
อันนั้นมันเรื่องของคุณ 
ผมจะยังรักคุณ  
ยังคิดถึงคุณ
ก็เป็นเรื่องของผม   
 
ไม่จำเป็นต้องรัก ไม่จำเป็นต้องรู้สึก 
ให้เป็นหน้าที่ของผมเอง",2025-04-10T11:58:32Z
483,@maneep8685,คุณตูนเขียนเพลงได้ดีมากเลยค่ะ และทุกคนถ่ายทอดออกมาได้ดี😊,2025-04-10T11:40:15Z
484,@KameiRyo-j5p,"คือ ใครพอจะทราบตอนจบที่พระเอกบอกว่า ""เหมือนกัน"" ในสายกัับนางเอกได้บ้างก่อนที่นางเอกจะโดนรถชน มันหมายถึงอะไรหรอ เพราะตอนนางเอกโดนรถชน นางมีแอบยิ้มนิดนึง คือนางเอกบอกชอบพระเอกหรอ แล้วพระเอกเลยบอกว่า เหมือนกัน หรือยังไง เราคาใจ 555555",2025-04-10T11:10:39Z
485,@wisarutmuangmoon3445,ต่อให้เขาทำกับเราแค่่ไหนก็ยังวนกลับมาที่เดิมเสมอมันคงเพราะรักมากจริงๆยังจำได้หมดเริ่มกับใครต่อไม่ไหวเลย🥲,2025-04-10T11:08:37Z
486,@พิสุทธิ์เฟื่องฟู-ฆ8ว,"❌ร้องตาม

✅ร้องไห้ 😢",2025-04-10T10:57:18Z
487,@bxdboy.43TH,😔🤐🤎🍂,2025-04-10T10:49:54Z
488,@Bbank8198,ไอ้สองเอ้ยยยย เพลงอย่างโดน สุดด,2025-04-10T10:40:25Z
489,@Hewjoke,ขอพี่ตูนเป็นพระเอก MV สักเพลงครับ <3,2025-04-10T10:03:59Z
490,@maryme6696,โคตรเก่ง!!!! ออกมากี่เพลงๆก็ชอบ ไม่รู้จะชมยังไงดี เก่งมากกกกกกๆๆๆๆๆๆๆ,2025-04-10T09:50:16Z
491,@SulanTigerboyz,"ข้อห้ามของคนที่อยากมีเพื่อนแท้
คืออย่าเอาเมียเพื่อนสนิทที่เลิกกันแล้ว
มาเป็นเมียตัวเอง เพราะคุณจะได้ศัตรูที่คุณรักเขามากที่สุด",2025-04-10T09:46:51Z
492,@Fudultkj12,ไม่เข้าใจmv อธิบายให้ฟังที,2025-04-10T09:46:43Z
493,@Layla-q6u,1วัน1ล้านอย่างเท่อ่ะ,2025-04-10T09:40:36Z
494,@godhead01,"ท่อนที่ร้องว่า “เธอคงคิดว่าฉันนั้นลืมไปแล้ว และเธอคงไม่รับรู้เลยใช่ไหม ว่าฉันนั้นยังคงเก็บมันเอาไว้ทุกทุกอย่าง”

มันเจ็บมากจริงๆ โคตรจุก",2025-04-10T09:38:16Z
495,@setzero0490,การเริ่มใหม่ไม่ได้ง่ายสำหรับใครบ้างคน,2025-04-10T09:37:16Z
496,@MankzEngland,เพลงนี้ดังชัววิวขึ้นเร็วมากเพลงโดนใจ,2025-04-10T09:35:57Z
497,@japanja4272,อยากได้วาปนางเอกMV,2025-04-10T09:18:43Z
498,@pongsathornjenrungsan6958,"สรุปเนื้อเรื่องให้หน่อยครับ ใครชอบใคร นักร้องชอบมือกลองจริงมั้ย 
แล้วจะผญ.ตุยอีกมั้ยครับ ตุยไป 2 แล้วแงง",2025-04-10T09:08:28Z
499,@benyapakhansanorh5264,เจ็บลึก 😪,2025-04-10T09:01:55Z
500,@special4838,ดีทุกเพลง👍,2025-04-10T08:59:55Z
501,@cstcqc2493,แปลกน้อ เธอเริ่มใหม่ไปไหนต่อไหนแล้ว  เรายังตามหาคนที่เหมือนเธอ นิสัยเหมือนเธอเป๊ะๆๆอยู่เลย 😢😢😢,2025-04-10T08:58:08Z
502,@wachiramitchasin2209,MV เหมือนหนังซักซี้ดเลย เอิน คุ้ง เป็ด 😢,2025-04-10T08:25:57Z
503,@DDiamond_NN,พี่ร้องเพลงมาเลยค่ะเดี๋ยวหนูร้องไห้เอง😂,2025-04-10T08:21:07Z
504,@อุดมเกียรติฉายวิเศษพล,🤍🤍🔥🔥🤘🏻🤘🏻,2025-04-10T08:17:45Z
505,@maeyed_apparel,Bodyslam vibes,2025-04-10T08:09:52Z
506,@khaomoodaeng,เกือบลืมเขาได้จริงแล้วแต่ทำไมต้องช่วงนี้มีแต่เพลงที่ทำให้คิดถึงเขา😢(เพลงดีเกินอินมากกลับไปหาเขาดีกว่า😊),2025-04-10T08:04:44Z
507,@จักรพรรดิ์หารพล,เข้าไอจีเร็วๆๆๆ,2025-04-10T07:50:02Z
508,@seek-1243,นางเอกนี่แฟนเจมจิหรอ,2025-04-10T07:42:08Z
509,@กําพลฤกษ์อุดม,ดีมากครับ,2025-04-10T07:40:05Z
510,@Tabtim1a,แต่ก่อนความรู้สึกเราก้เปนแบบเพลงนี้ แต่ตอนนี้ไม่ใช่ละ,2025-04-10T07:26:35Z
511,@BeerandBlack,😢,2025-04-10T07:23:04Z
512,@kirakiki3118,เพลงโคตรดี ล้านวิวไวมาก,2025-04-10T07:16:05Z
513,@Bloodbadz,จากวันแรก3-4ปีที่ผ่านมา ยังมีแค่เธอ ยังมีเพียงเธอ คนเดียวในหัวใจ,2025-04-10T07:13:01Z
514,@leonzio6920,"จากที่เดาแบบมั่วๆ คิดว่าฟ้ากับพี่กิตอาจจะเคยรักกันหรือรู้สึกดีๆ มาก่อน ฟ้าก็เหมือนยังรู้สึกด้วยอยู่ แต่ก็ยังเป็นเพื่อนกัน ฟ้าก็รู้ว่าพี่กิตป่วย จากนาทีที่ 2:57 ฟ้าน่าจะเห็นตอนที่พี่กิตยัดยาใส่เป๋าเกง ตอนท้ายเอ็มวีถ้าเดาน่าจะเป็นฟ้าโทรหาพี่กิตแล้วอาจจะบอกความรู้สึกอะไรสักอย่าง ส่วนพี่เตไม่ได้คุยเลยกลับมาดูที่ห้องซ้อม
นาทีที่ 3:43 ซีนที่ภาพบนเวทีเบลอ จากการมโนและการเดาถ้าสังเกตดีๆ เหมือนจะเป็นภาพวงที่พวกพี่กิตซ้อมกันมา ทั้งเสื้อนักร้องสีแดงก็เหมือนกับที่ใส่ในเอ็มวี สีเบสของคนฝั่งขวาก็คล้ายกับของฟ้า คนเล่นก็น่าจะเป็นผญด้วย อาจจะประมาณว่าภาพที่คิดไว้ว่าจะได้เล่นบนนั้นด้วยกันมันค่อยๆ ลางไปเรื่อยๆ มั้ง เหตุผลที่ต่อยกันนอกจากที่พี่เตชอบฟ้าแล้ว อาจจะเพราะว่าตัวเองเริ่มรู้ตัวว่าอาจจะเล่นตามที่ฝันไว้ด้วยกันไม่ได้อีกเพราะไม่รู้ว่าเวลาเหลืออีกแค่ไหน เลยซัดไปที มั้ง5555555",2025-04-10T07:10:12Z
515,@napatwallace972,เมื่อก่อน TMD น่าจะมีวงกัน 5 คนนะครับ,2025-04-10T07:03:19Z
516,@user-xo7cg7ej7p,บางครั้งความรักมันไม่มีเหตุผล ไม่รู้เสียด้วยซ้ำว่า ทำไมถึงได้รักคนนี้ รู้ตัวอีกที ก็คือรักไปแล้ว,2025-04-10T07:02:40Z
517,@Ann-h9z6j,Suka banget ❤️🥺,2025-04-10T07:00:09Z
518,@Ningsaowaluk,🥺,2025-04-10T06:59:34Z
519,@mmmammoth7892,เราจิงจัง แต่เราก็จอมแก่นด้วย,2025-04-10T06:48:08Z
520,@Badguyyxx,ผ่านมาก็นานแล้ว กลับดึงตัวเองไปเศร้าอีกเฉยเลยว่ะ.🥺,2025-04-10T06:32:15Z
521,@เอ้เอ้เอ๋เอ๋-ป7ด,เลิกกับแฟนเก่า เข้าใจมาตลอดว่าทำใจได้แล้ว พอฟังเพลงนี้ น้ำตาไหล นึกถึงเขาสุดๆๆ😢😢 เราจากกันสมบูรณ์แล้วนะเขาเริ่มต้นใหม่กับคนใหม่ตั้งแต่มีเรา😢 มีแต่เราไม่กล้ารักและเริ่มต้นใหม่กับใครอีกเลย😢😢😢😢,2025-04-10T06:19:08Z
522,@สิบห้าเยียร์,ลงไอจีตอนไหนครับ,2025-04-10T06:11:54Z
523,@DekOverdoze,ขอบคุณสำหรับเพลงดีๆแบบนี้ครับ กินใจสุดๆ 😢,2025-04-10T06:05:47Z
524,@iwillbethemonster,ถ้าไม่เปลี่ยน ก็จะไม่เจอสิ่งใหม่นะ ขอให้ก้าวออกมาจากความรู้สึกเสียใจได้ไวๆ นะตัวเรา,2025-04-10T06:01:32Z
525,@กรรณิกาพันแก้ว-ย9อ,พี่กิต ร้องเลย เดียวจะร้องไห้เอง,2025-04-10T06:00:42Z
526,@PAILENGAME,100 ล้านวิวอย่างตํ่านะครับ เพลงจึ้งมากจุกอกมากครับผม😢เข้าใจเพลงมากๆเลย,2025-04-10T05:50:36Z
527,@xmineeeex,HOWWWWW COME THE ENDING 😭😭😭😭,2025-04-10T05:43:30Z
528,@peach9555,เป็นเพลงที่ตรง แบบตรงกับคสพ.ตอนนี้มากๆ เปิดใจให้ใครก็ไม่ดีสักคน😢,2025-04-10T05:20:59Z
529,@SuphasinDitcharoen,🥀☁️🍃,2025-04-10T05:11:11Z
530,@ประสิทธิ์เนื่องภักดี-ฤ7ส,❤❤❤😢ยังไม่เคยลืมนะไม่ได้ยากรอแต่ใจมันสั่งให้จำ,2025-04-10T05:06:44Z
531,@Pnppt_1310xx,ทำมาให้ ร้องไห้ สินะ,2025-04-10T05:06:37Z
532,@newarmstrong5754,เพลงนี้เหมือนเอาชีวิตผมทั้งชีวิตไปแต่งเพลงเลยครับ ทั้งที่รู้ว่าเขามูฟออนไปไกลแล้ว ไปมีคนใหม่แล้ว แต่ผมก็ยังไม่สามารถเริ่มใหม่กับใครได้เลย 😢,2025-04-10T05:00:41Z
533,@TheBlackCoffee17,ทั้งเพลงทั้ง MV ทำให้นึกถึง โอม TMD เลย,2025-04-10T05:00:27Z
534,@worakorn555,หลงคิดว่าตัวเอง Move on ไปไกลมาก ๆ แล้ว จนกระทั่งได้ฟังเพลงนี้นี่แหละ 🥲,2025-04-10T04:51:28Z
535,@Fiw.0,เพลงดีเว่อๆๆๆ,2025-04-10T04:51:20Z
536,@machmanloworld8858,"หนูเอาเพลงนี้ไปบอกรักแฟนนะ จริงๆ มันเป็นเพลงรัก 55555+

ถึงไม่กล้าไปรักคนอื่นเลย รักใครไม่ไหว
ยังมีแค่เธอ ยังมีเพียงเธอ คนเดียวในหัวใจ
นับต่อจากนี้ ไม่รู้ว่าอีกนานแค่ไหน
กว่าที่ฉัน จะกล้าไปเริ่มใหม่",2025-04-10T04:51:09Z
537,@u.knowme6,รักของเรามันไม่ใช่ใครก็ได้จริงๆ : (,2025-04-10T04:50:25Z
538,@SBpongsatorn,โคตรดี 💕,2025-04-10T04:33:56Z
539,@sutineepoonsawad8444,ตรงกับสถานการณ์ตอนนี้มาก โห~ออกเพลงมาเอาน้ำตาฉันอีกและ,2025-04-10T04:15:56Z
540,@kitsadaceo9537,เเต่ละเพลงผมฟังเเล้วคิดถึงเขาคนนั่นเลยเเฟนเก่าคนโปรดถึงจะมีเเฟนใหม่ก็ยังมีเขาในตรงใหนสักที่ในใจเราที่ทำให้นึกถึงเขายุตลอดมา 2-3ปีเเล้ว,2025-04-10T04:13:40Z
541,@pavidaploytubtim5111,ถ้าเพลงจะเศร้าขนาดนี้ ร้องไห้ตาบวมแล้วนะ😭😩,2025-04-10T04:09:13Z
542,@cupcake2691,มีแนวเพลงเพราะๆแบบนี้สำหรับคนมีคู่ไหม​ ดันมาชอบเพลงนี้​ แต่ต้องแอบฟังคนเดียว​ เปิดฟังกับแฟนก็ไม่ได้เดียวหาว่ากูยังไม่ลืมคนเก่าอีก,2025-04-10T04:08:49Z
543,@Tor_fr_lol,วันเดียวยอดวิว 1M แล้ว 🎉,2025-04-10T03:57:20Z
544,@lolitoey1441,"นับต่อจากนี้ ไม่รู้ว่าอีกนานแค่ไหน
กว่าที่ฉัน จะกล้าไปเริ่มใหม่",2025-04-10T03:55:23Z
545,@sekpunkowin3660,จำไว้นะ อย่ามีมือเบสเป็นผญ 😁,2025-04-10T03:26:22Z
546,@airpot1462,"ไม่รู้อีกนานแค่ไหน
แต่ก็คงไม่กล้าจะเริ่มใหม่อยู่ดี😢😢",2025-04-10T03:18:14Z
547,@ReizyyBoy,พี่ร้องเพลง เดี๋ยวพวกผมร้องไห้เองคับพี่ 😢,2025-04-10T03:15:05Z
548,@mmaann_xd7193,ใครจะฟังก็ฟังส่วนผมจะร้อง ร้องไห้ 😢,2025-04-10T03:10:29Z
549,@parisasomboonsak9420,เพลงเพราะมาก รู้สึกติดหูมากๆค่ะ,2025-04-10T02:40:51Z
550,@nittayaaranmit8050,มือกลองชอบมือเบส มือเบสชแล้วนักร้อง นักร้องชอบมือเบส แต่ที่ออกจากวงน่าจะมือกลองติดเล่นแลดูไม่จริงจัง บวกกับตัวเองเริ่มสูญเสียการมองเห็น เพราะภาพนางเอก MV เริ่มเบลอ ตอนไปดูคอนภาพก็เริ่มเบลอ แถมแอบเพื่อนกินยา แต่ถ้าจังหวะที่พี่กิตแกซีดพี่เตแล้ววพลาดไม่โดนคือ หลุดนะ5555,2025-04-10T02:33:29Z
551,@ภัสสร-ย2ฉ,พอตซักซี้ดป่ะ มันคุ้นๆ😂,2025-04-10T02:24:11Z
552,@WiphasineeSumchya,ไม่กลัวรักไม่ไหวกลัวรักเป็นแบบเดิมคงไม่ไหว,2025-04-10T02:22:43Z
553,@godzilla-1991,❤❤❤,2025-04-10T02:18:46Z
554,@chosita1795,ผ่านมา2ปี กับการไม่เจอหน้า ไม่มีการพูดคุย เขาเริ่มต้นใหม่ไปได้ไกล ส่วนเรายังรักมั่นคงและคิดถึงเขาในทุกวัน ไม่ใช่ไม่อยากเริ่มต้นใหม่ ไม่ใช่ไม่อยากเจอรักที่ดี แต่พอจะเริ่มต้นคุยกับใครใหม่มันก็ดูยากดูน่าเบื่อไปหมด คุยได้วันสองวันก็ไม่อิน ก็ไม่รู้เหมือนกันว่าจะเริ่มต้นใหม่ได้อีกครั้งเมื่อไหร่…😢,2025-04-10T02:15:10Z
555,@domkunagorn1051,ขอวาปนางเอก MV ทีค้าบบบบ,2025-04-10T02:14:11Z
556,@Pingpong-p0,"""ฝันถึงแฟนเก่า ถ้าเธอรักฉันจริง ขอโทษที่ติดต่อไป รักใครไม่ไหว""",2025-04-10T02:13:16Z
557,@วินัยโชติมาศ,พอดูเอ็มวีเพลงนี้จบ เข้าใจกิตเลย ตอนที่ป่วยเรื่องจอประสาทตา  ว่ามันทรมานขนาดไหน,2025-04-10T02:02:28Z
558,@Game-For-Future,ตั้งเเต่เลิกกับคนล่าสุดไปนิสัยเราเปลี่ยนไปเป็นคนละคนเลย ไม่เคยไว้ใจไม่กล้าให้ความรู้สึกกับใครอีก เขามาให้เราเป็นเวอร์ชั่นที่ดีกว่าเดิม เเต่ทำไมถึงไม่อยู่จนเราอยู่ในเวอร์ชั่นที่สมบูรณ์วะ,2025-04-10T01:53:29Z
559,@PinkyBooblue,พี่กิตเปิดก่อน เอาไป1 แต้ม // เพลงนี้ฟังแล้วคิดถึงเทอจังอะD,2025-04-10T01:40:13Z
560,@dlk5480,ตอนสุดท้ายผญโทรหาใครอ่ะ,2025-04-10T01:26:30Z
561,@iloveanime2151,1,2025-04-10T01:13:02Z
562,@PNUCHY12,เข้มแข็งแทบตาย มาร้องไห้เพราะเพลงนี้ 😭😭😭,2025-04-10T01:07:31Z
563,@บอยเมืองลอง-ฐ9บ,♥️♥️♥️,2025-04-10T01:00:24Z
564,@sripraeutsa3410,นึกถึงกลิ่นไอของวงเล้าโลมเลย,2025-04-10T00:50:20Z
565,@gnapcyd8381,"คิดถึงดนตรี+แนวเพลงเศร้าๆแบบนี้ของtmd มากค่ะ 
เศร้าจนอยากกลับไปหาแฟนเก่าเลยค่ะ ว่าและ ทักไปหาดีกว่า",2025-04-10T00:42:02Z
566,@ปวีณกล่อมสุวรรณ,เพลงรักเพลงเดียวสินะ😂,2025-04-09T22:47:27Z
567,@alansmith9933,นักร้องนำขับรถชนมือกีตาร์ เพราะมือกีตาร์ขัดขวางความสัมพันธ์ของนักร้องกับมือกลอง 👨‍❤‍💋‍👨,2025-04-09T22:44:33Z
568,@Wave-st2ih,ดี,2025-04-09T22:00:02Z
569,@tor-b1n,😢,2025-04-09T21:57:32Z
570,@apicahiwawaeni,"ไม่ได้รู้จักวงนี้เลย ไม่เคยฟัง ผมเข้าไปแอบดูโปรไฟล์แฟน 
เห็นโพสต์ 1ชั่วโมงที่แล้ว  ลองเข้าไปสักหน่อย  นี้ตี4แล้ว  วนซ้ำๆ 6รอบแล้วเนี่ย ไม่น่าเลยตู    J&B",2025-04-09T21:14:19Z
571,@txxm-bxa,กลับมาฟังด้วยกันอีกดิ,2025-04-09T20:50:26Z
572,@mailnewmk,รักเพลงนี้มาก   ความรักมันยากจัง,2025-04-09T20:38:53Z
573,@yongnoom6725,วาปนางเอกหน่อย,2025-04-09T19:58:03Z
574,@Sigsauer-320,เพลงนี้ยังไงก็เลย 30m ไม่เกินอมขี้มาพ่นใส่หน้ากุเลย,2025-04-09T19:56:48Z
575,@zbarkz5749,อะโห ;(,2025-04-09T19:31:45Z
576,@takkatayk,ถึงไม่กล้าไปรักคนอื่นเลย รักใครไม่ไหว “ มันยังเจ็บ ยังคิดถึงอยู่เลย🥺😢 ร้องไห้อีกแล้วว,2025-04-09T19:16:13Z
577,@วิสารคําน้อย,หลงทางไปนานเลยกว่าจะกลับมา,2025-04-09T18:40:38Z
578,@mobilephone5438,มันสะเทือนใจเรามาก ตอนฉากพี่เขาตอ่ยกัน 😥😭 Three Man Down เป็นวงที่ มาความสามารถล้นเหลือ ❤❤,2025-04-09T18:29:31Z
579,@NoppagornAiku-zv6yq,วงนี้มีเพลงรักบ้างมั้ยครับ😢,2025-04-09T18:24:45Z
580,@sutidasuankoon905,เขามูฟออนไปนานแล้ว แต่เรายังไม่กล้ารักใครเลย,2025-04-09T18:12:24Z
581,@มานิดามานิดา-ช6ม,"""รักใครไม่ไหว"" (เหมือนกัน)",2025-04-09T18:03:23Z
582,@galaxysudthing,ถึงกาลเวลาจะผ่านไปนานกี่ปี  ผ่านความรักใหม่มาแล้วกี่หน สุดท้ายก็ไปต่อไม่ไหว เพราะรักไม่ไหวที่คนเดิมในใจมันแสดงออกมาในภาพความทรงจำตลอด(คนเก่าทำไว้ดีเกิน)​และได้จบความสัมพันธ์รักใหม่เช่นเดิม,2025-04-09T17:53:10Z
583,@Teeravudnaja,ร้องไห้แล้วครับ 😂,2025-04-09T17:40:31Z
584,@yingying157,ฟังหลายรอบ ชอบมาก ทรีแมนดาวน์ทั้งใจ ❤️,2025-04-09T17:33:38Z
585,@Nxtxdx23,แต่งเพลงให้ร้องตามหรือร้องไห้คะ,2025-04-09T17:29:49Z
586,@FirstAitipong,รอคนมาวิเคราะห์ MV ครับ,2025-04-09T17:11:58Z
587,@PPP69B,"ชอบตอนที่พี่เตมองพี่กิตตอนถ่ายรูปอ่ะเเบบกิตทำท่าตามเตทำไม
จากเศร้าอยู่หลุดขำเลย",2025-04-09T17:08:06Z
588,@vatcharapongyimphun8872,👍🏻😊🤘🏻,2025-04-09T17:00:17Z
589,@armnattapol5247,เรากับแฟนรักกันดีนะ แต่ฟังเพลงนี้แล้วรู้สึกอกหัก😂,2025-04-09T16:45:13Z
590,@บทบาทตัวโกง-ด2น,ฉันผู้ไม่สามารถ เอาใครมาแทนที่เทอได้เลย🥹,2025-04-09T16:30:02Z
591,@clipshotcut6988,นึกถึงตัวเองสมัยก่อนเพื่อนอีกคนชอบรุ่นพี่  แต่รุ่นพี่ดันมาชอบผม   เพื่อนผมทำทุกอย่างให้เขาชอบ แต่รุ่นพี้คนนั้นก็ยังไม่สนใจ    แต่สุดท้ายผมก็ไม่เคยสนใจหรือชอบรุ่นพี่คนนั้นเลยเขาพยายามเข้าหาผมแต่ผมก็ไม่เคยสนใจหนีห่างตลอด ด้วยความที่เราติดเล่นไม่รู้จักความรัก  จนวันสุดท้ายรุ่นพี่ร้องไห้ต่อหน้าผม ด้วยความที่เราติดเล่นไม่รู้จักความรัก  จากวันนั้นผมก็ไม่เจอกันอีกเลยจนรุ่นพี่จบ ม.ต้น ก็ย้ายออก  หลังจากนั้น 10 ปีผ่านไป ก็ได้รู้ข่าว รุ่นพี่คนนั้นเสียชีวิต ไปแล้ว  สุดท้ายก็มานั่งเสียใจ ทำไมเราไม่ไปขอโทษกับสิ่งที่เราทำไว้กับเขาในตอนที่เขามีชิวิต  แต่มาเสียใจ ตอนที่เขาจากไปไม่มีวันกลับแทน   #ขอโทษพี่น้ำหวาน,2025-04-09T16:28:11Z
592,@tuodtongtongsear3643,MV อารมณ์ยุค2000ต้นๆดีนะ,2025-04-09T16:26:13Z
593,@dewzakii,พี่กิตร้องเพลงไป เราจะร้องไห้เอง 🥲,2025-04-09T16:19:33Z
594,@namthipbuatree105,♥️,2025-04-09T16:11:27Z
595,@beernaphatson2153,ชอบวงนี้สุดๆๆ ชอบทุกเพลง,2025-04-09T16:07:22Z
596,@khanchitลิงกัง,กว่าจะกล้าเปิดใจรักใครคนหนึ่งเข้ามาในชีวิต มันไม่ใช่เรื่องง่ายเลย ✌🏻,2025-04-09T16:06:27Z
597,@phichitphongchanonjitsiri575,"""ไม่กล้าไปรักคนอื่นเลยแม้แต่ตัวฉันเองยังไม่กล้าเลย""",2025-04-09T15:54:22Z
598,@kittipongsangthongsuksri6338,รักเธอคนเดิมไม่ไหว พยายามแล้ว จะพยายามต่อไปนะ ต่อให้แผลเป็นตรงกลางใจที่เธอทำไว้จะไม่หาย แต่ตอนนี้เราก็รักกันดีแล้วเนอะ.....หวังว่าจะไม่มีแผลใหม่นะ...,2025-04-09T15:51:25Z
599,@kittipongsangthongsuksri6338,มีกลิ่นอายของ bodyslam แต่ฟังแล้วมันโครต TMD เลย ขอบคุณพี่ๆที่สร้างสรรค์เพลงดีๆแบบนี้ออกมา เหตุผลที่ผมต้องอยู่ก่อนโลกจะแตกคือรอพี่ๆ TMD ปล่อยเพลงใหม่นี่แหละ ขอบคุณพี่ๆมากๆนะคับ😊😊,2025-04-09T15:44:32Z
600,@VisatornGolfinity,ดูทรงแล้วน่าจะมีภาคต่อ,2025-04-09T15:44:01Z
601,@josstyodd1,❤️‍🩹,2025-04-09T15:34:11Z
602,@panaratsukrat4664,เพลงดีเหมือนเดิม เพิ่มเติมคือเศร้าและอินตามสุด🥹,2025-04-09T15:33:39Z
603,@hrakira4423,Into เพลงใหม่ขึ้นแล้ว แล้วเพลงใหม่ อยู่ไหน เพราะทุกเพลงจริงๆ,2025-04-09T15:27:47Z
604,@Atthaporn2547,เข้าไอจีกี่โมง ❤,2025-04-09T15:24:00Z
605,@pipatng8919,สรุป กิตชอบเต เตชอบมือเบส มือเบสชอบกิต,2025-04-09T15:20:56Z
606,@ธงชัยไชยนาง,"ถ้าเธอรักฉันจริง ได้โปรดทิ้งฉันไป
อุ๊ยขอโทษครับคนละเพลง",2025-04-09T15:05:45Z
607,@พรหมรินทร์-ข3ษ,ฟังจบแล้วครับ เพลงใหม่มาต่อได้เลย,2025-04-09T15:02:23Z
608,@put1449,"รักต้อง ใช้ สมอง
ไม่ใช่ ใช้หัว ค....",2025-04-09T14:57:29Z
609,@ละอ่อนน้อย-ม5ญ,ทำไมต้องเป็น มือเบส นะ T_T,2025-04-09T14:57:16Z
610,@หนูเทวดา,ทำไมผู้หญิงถึงตายตอนจบอะหมายความว่าไงครับ😮,2025-04-09T14:55:28Z
611,@owenazq,TMD ทำเพลงเศร้าออกมาเยอะๆนะ ฟังแต่ละเพลงแล้วเจ็บปวดดี.,2025-04-09T14:51:35Z
612,@LanlaangSiow,ยังมีเพียงเธอ…เธอจะรู้มั้ยว่าเรายังรออยู่ คิดถึงเสมอเลยน่ะ คิดถึงกันบ้างมั้ยแร่😀,2025-04-09T14:37:53Z
613,@ss.double,จะมีอยู่คนนึง.. ที่ยังอยู่ในใจเสมอ,2025-04-09T14:32:27Z
614,@Jakun212,อธิบาย MV นี้ที ครับ,2025-04-09T14:28:03Z
615,@onetwo4674,🤩🤩🤩,2025-04-09T14:20:31Z
616,@milkky35,💕,2025-04-09T14:17:08Z
617,@หนุ่มจืดด,👍,2025-04-09T14:07:35Z
618,@airi_sh,"Three Man Down did it again, this stabbed me so hard",2025-04-09T14:00:32Z
619,@bankcatmini,"มือกลองชอบนักร้อง นักร้องชอบมือเบส มือเบสชอบมือกลอง 
หอมกลิ่นเพลงรักสามเศร้า",2025-04-09T13:56:24Z
620,@bikelucifer,เขาชื่ออะไร Clash ภาค2,2025-04-09T13:49:37Z
621,@KittikonAiamaot,MVปวดตับมาก😭,2025-04-09T13:48:03Z
622,@ooofang6454,ตอนจบ ดีและ  ผู้หญิงโดนรถชน 🤭🤭🤭,2025-04-09T13:42:26Z
623,@wichudas.2196,เธอคงคิดว่าฉันนั้นลืมไปแล้ว 🙂,2025-04-09T13:34:53Z
624,@talove9892,พี่กิต  หน้าเปลี่ยนไปมาก  เมื่อก่อนหล่อแบบใสๆ  ตอนนี้ หล่อแบบ แมนๆ ขึ้น  ไว้หนวดด้วย  ตัวหนา ขึ้นด้วย,2025-04-09T13:24:44Z
625,@จิรวัฒน์ระมุลตรี,❤,2025-04-09T13:16:19Z
626,@อาทิตญาพลชิต,พี่กิตออกเพลงแต่ล่ะเพลงเพราะมากค่ะ❤❤❤,2025-04-09T13:09:14Z
627,@tmoytoy,ลงเพลงต่อไปได้เลยครับ,2025-04-09T13:06:38Z
628,@NoName-c8w6u,แม่งเริ่มใหม่กับใครไม่ไหวเลยจริงๆ 😭,2025-04-09T13:03:38Z
629,@gunkistaruraksli4269,ดูแล้วคิดถึง suck seed ยุคนั้นโครตดี,2025-04-09T12:55:00Z
630,@yingying157,รักใครไม่ไหว 😢,2025-04-09T12:54:54Z
631,@sontayaikle5464,แอดวี เป็นหมั่นแล้วนะคับ😂รักเมียๆ,2025-04-09T12:50:32Z
632,@PongChanden,กูไม่รู้ว่ามึงอ่อนเเบบนี้,2025-04-09T12:50:06Z
633,@lunariansmith2417,อยากรู้ว่าพี่กิตสับpremier pro มั้ยคะ mv นี้,2025-04-09T12:47:13Z
634,@TanaponWongsawat,ผมก็ไม่ได้อยากจะจมแบบนี้อยากเดินไปให้ไหว ใครก็ได้ช่วยมาทำให้ผมตกหลุมรักจนลืมเขาไปที😢,2025-04-09T12:34:13Z
635,@panidaprince2846,อยากมีใครสักคนที่ทำให้เราได้รักไหว 😂,2025-04-09T12:31:54Z
636,@alightedandsang,ขอบคุณ three man down ที่ออกเพลงดีๆเสมอเลยน้า🤍,2025-04-09T12:19:00Z
637,@HappyTaroNell,ตอนต่อไป = เพลงต่อไป,2025-04-09T12:18:33Z
638,@kkboych4187,ฟังจบแล้วลงเพลงใหม่ต่อ,2025-04-09T12:09:05Z
639,@boatboat1999,ไม่มีหรอกไม่ลืม มีแต่ลืมช้ากับลืมเร็ว 🙂🖤,2025-04-09T12:06:15Z
640,@Tangmo_tang_mo,"นี่แหละ Three man down 
ทำเพลงมาให้  ร้องตาม ✖️
                        ร้องไห้ ✔️",2025-04-09T12:04:34Z
641,@phornphornchai6407,🌹,2025-04-09T11:55:07Z
642,@ธรรมนูญเลาห์ปิยะวิสุทธิ์,คนที่ 2 หลังจากเคยแย่งโนเกียกัน,2025-04-09T11:49:37Z
643,@JeLe-vp3uv,2 เพลงแล้ว ที่ออกมาตรงกับชีวิตผมมาก,2025-04-09T11:34:41Z
644,@2xxxt,"เธอคงคิดว่าฉันนั้นลืมไปแล้ว
และเธอคงไม่รับรู้เลยใช่ไหม
ว่าฉันนั้นยังคงเก็บมันเอาไว้ ทุกทุกอย่าง
เธอคงคิดว่าฉันนั้นลืมไปแล้ว
และเธอก็คงไม่รับรู้เลยใช่ไหม ว่าทั้งใจของฉัน
ไม่กล้าไปเริ่มใหม่",2025-04-09T11:30:35Z
645,@guiraphus,เมื่อวานพี่กิต ปล่อยเพลงผมเพิ่งเลิกกับแฟนพอดี แล้วความหมายเพลงจี้ผมจัด😭😭😭😭ยังลืมไม่ได้เลยย,2025-04-09T11:21:20Z
646,@weaponart8315,🔥,2025-04-09T11:19:42Z
647,@hellomcpe1767,❤,2025-04-09T11:00:03Z
648,@เบลลนริศรัตน์,ทำไมดูmvแล้ว รู้สึกเศร้าอะ,2025-04-09T10:53:18Z
649,@วนิดาเสนาเจริญ-บ5ห,ทำเพลงมาให้ร้องไหร้หลายรอบแล้ว😭😭😭😭😭ไม่ต้องมูฟออนแล้ว,2025-04-09T10:53:14Z
650,@eieizado9467,หาวาปนางเอก MV ก่อนเล๊ยย ><' น่ารักเกิ๊น,2025-04-09T10:45:21Z
651,@theeranontaengsopha8422,ท่อนฮุคเหมือนแนวเพลงวงแคลชมาก หรือผมหูฟาดไป555,2025-04-09T10:41:49Z
652,@tpurk3111,จริง ไม่มีใครแทนที่แกได้จริงๆ,2025-04-09T10:31:15Z
653,@sorayaphetchara9532,ฟังจบแล้ว เปิดขายบัตรคอนได้เลย,2025-04-09T10:27:02Z
654,@nutnara5746,ก็บู้โหดเหมือนกันนิ,2025-04-09T10:26:22Z
655,@วันชนะฯ-ฑ7น,แล้วเพลงปล่อยมาตอนเลิกกับแฟนได้4วันแล้วเขามีใหม่เลย😂😢,2025-04-09T10:21:42Z
656,@6iqnut,พัฒนาขึ้นทุกปีจริงๆนะ เล่นสดเสียงกิตก็ไม่ต้องห่วง ชาบู,2025-04-09T10:15:25Z
657,@narin2789,เพลงดีมากและเศร้ามากแต่ขอโทษที่ขำช็อตเสียงหลงพี่เตตอนต้นครับ😅😅,2025-04-09T10:13:42Z
658,@Nontaphatsim,ทั้งที่มันก็จบไปนานแล้ว😢,2025-04-09T10:13:40Z
659,@นนทวัฒน์เลิศสถิตย์,เมนแลก😅,2025-04-09T10:06:10Z
660,@PongChanden,ร้าก❤❤❤พี่กิตตตต,2025-04-09T10:06:02Z
661,@jackdawson8020,รักใครไม่ไหวแต่รักตัวเองต้องไหว…,2025-04-09T10:01:26Z
662,@takachikamachiro9601,เพลงนี้เอาเรื่องเลยลูกพี่ ของโคตรดีย์ 💯,2025-04-09T10:00:45Z
663,@eakbch5173,"บางคนจบตั้งไปนาน แต่ใจทรมานไม่เคยหายสักที
#รักคนอื่นได้คงรักไปแล้ว",2025-04-09T09:57:51Z
664,@aeww-b6l,เนื้อเพลง ความหมายของเพลง นี่มันชีวิตจริงเราชัดๆ 😢,2025-04-09T09:54:50Z
665,@luckystrike313,ในที่สุดก็มีเพลงที่ชอบในทรีแมนดาวแล้ว ชอบมากกกก,2025-04-09T09:54:08Z
666,@Saltfsjkppmn,หนูเข้าใจพี่ๆล่ะค่ะะ เอานํ้าตาของหนูไปเลยค่ะะ😖,2025-04-09T09:50:55Z
667,@Sitichai125R,รักเขามากครับ แต่เขาไม่ได้เลือกคนที่อยู่กับเขาตอนลำบากเขาเลือกคนที่ชอบมากกว่าครับ😅😅😅,2025-04-09T09:23:34Z
668,@อ่านทําไมอีเวร,suckseed v2 😆,2025-04-09T09:21:03Z
669,@wutthichaiwutthichai9129,เพราะเคยรักใครมากๆ ถึงเข้าใจ,2025-04-09T09:18:37Z
670,@wutthichaiwutthichai9129,อยากแชร์มาก แต่แชร์คนอื่นรู้หมดว่า ยังมูฟออนไม่ได้😂,2025-04-09T09:18:14Z
671,@n.nwannie,🤍🤍🤍,2025-04-09T09:16:37Z
672,@tangkwa_tk,TMD ทำซึม🥺,2025-04-09T09:02:26Z
673,@Iceberg1019,กำลังจะลืมใครบ้างคนได้อยู่พอดีเลย เจอเพลงนี้เข้าไปไม่ต้องลืมกันละ😢😢,2025-04-09T09:01:58Z
674,@Nazalafadhlikal,"as an interfans, i hope u guys translate the conversation as well bcs i wanna know what the conflict is about",2025-04-09T08:59:23Z
675,@Iceberg1019,แต่ขึ้นมาเพื่อให้ร้องตาม หรือร้องไห้คับ,2025-04-09T08:56:53Z
676,@Lavienlolnw,เพราะมากกกก,2025-04-09T08:54:37Z
677,@ekathitz6861,ฉันอยากเห็นเธอยังยิ้มได้อยู่,2025-04-09T08:50:41Z
678,@Phupateiei,ทรีแมนนดาวต้องเพลงเศร้าดิว่ะ ร้องกันหมดน้ำตาแล้ว😂,2025-04-09T08:48:56Z
679,@58381-w,"น้าเน็กเคยพูดไว้ว่า ตอนมึงรักกัน มึงโคตรมีความสุข เพราะฉะนั้นตอนมันจบ... มึงก็ต้องโคตรเจ็บ ไม่มีใครโชคดีตลอดไป แต่ไม่มีใครโชคร้ายตลอดชีวิตเหมือนกัน 
ผมเป็นคนโชคร้ายคนนั้นหรือป่าวที่ไม่เจอใครคนนั้นสักที",2025-04-09T08:36:05Z
680,@PhayuTV,ทำเพลงเศร้าเก่งอีกแล้ว ฮือ,2025-04-09T08:31:52Z
681,@อดิศักดิ์เปาะทองคํา-ฐ6ย,😢😢😢😢❤🎉,2025-04-09T08:19:04Z
682,@pprptk,ออกเพลงมาให้ร้องตามหรือร้องไห้,2025-04-09T08:00:57Z
683,@jang-hathaikan6140,เพลงว่าเศร้าแล้ว เสียงกิตแม่งโคตรเศร้าเลย,2025-04-09T07:52:25Z
684,@aggessive7768,😢😢😢😢😢😢😢😢,2025-04-09T07:52:07Z
685,@kashihaz,เข้าใจมาตลอดว่าตัวเองไม่เป็นอะไรแล้ว ยิ้ม หัวเราะ สนุกสนานกับชีวิต จนกระทั่งได้ฟังเพลงนี้ถึงได้รู้ว่า จริงๆแล้วเราแค่เก็บความรู้สึกเหล่านั้นปิดผนึกไว้ในส่วนที่ลึกที่สุดของความรู้สึก สิ่งต่างๆที่เคยคิดว่าลืมไปแล้วก็หลั่งไหลออกมาพร้อมกับน้ำตา... ยังไม่ลืมจริงๆนั่นแหละ,2025-04-09T07:51:56Z
686,@chonnax,เหมือนจะต้องมีภาคต่อของเพลงนี้,2025-04-09T07:48:09Z
687,@stpoyplypolypool,อย่างโดน,2025-04-09T07:43:27Z
688,@A--ne3zk,ถึงที่ผ่านมามันจะแย่ แต่่ก็ยังคงนึกถึงสิ่งดีๆที่เคยทำร่วมกัน,2025-04-09T07:40:32Z
689,@wingchannel5012,อีกคนทิ้งเรื่องส่วนตัว และพยายามไปต่อเพื่อส่วนร่วม แต่กลับมีอีกคนย่ำอยู่กับที่เพื่อคนๆ เดียว,2025-04-09T07:38:08Z
690,@77ears,เตรียมใจมาร้องไห้ละ,2025-04-09T07:36:37Z
691,@NonGHP846,กำลังจะลืมได้อยู่แล้วไม่น่ากดเข้ามาเลย😢 ขอบคุณที่ทำให้จำเรื่องในอดีตได้อีกครั้ง,2025-04-09T07:35:39Z
692,@nuytalen3685,"เวิสแรกก็ดูปกติ พอท่อนปรีขึ้นมาเท่านั้นแหละ ใช่เลยๆ มันต้องแบบนี้สะใจหว่ะ ขอโทษที่หยาบครับ😂 คือไปสุดทางร็อคสักเพลงจะสุดมากๆ ดนตรีแน่น 
รอกิต ว๊าก สักเพลงนึง นะครับ ผมเชื่อว่าทำได้แน่นอน เพราะเป็นคนที่ขึ้นเสียงสูงได้ทรงพลังมากๆ รอๆ",2025-04-09T07:32:26Z
693,@ลิขิตสง่าแสง,ไม่กล้าไปรักใครเลยกลัวเวลาเค้าไม่มีใครแล้วหันมาไม่เจอเรา😢,2025-04-09T07:30:12Z
694,@patt-naniman922,"เพลงที่แล้วมาแบบ Retrospect ...
รอบนี้มา Bodyslam เฉย555+",2025-04-09T07:04:50Z
695,@pawinbuakeaw-on7702,"เริ่มเพลงมา ""ลองแล้ว ฉันเคยลองเริ่มใหม่ เคยลองให้ใครเข้ามา""  สุดท้ายแล้วมันก็เป็นแบบนี้จริง "" ไม่กล้าไปรักคนอื่นเลย รักใครไม่ไหว """,2025-04-09T07:04:13Z
696,@phesukjai,ฟังจบแล้วปล่อยเพลงใหม่ได้ 😂😂,2025-04-09T07:00:18Z
697,@TFSWU-zc8tk,ดีงามครับ,2025-04-09T06:58:54Z
698,@moveon5585,ผมร้องเพลงไม่เคยเพราะเลย ทั้งน้ำมูกน้ำตาแม่งไหลรวมมากองที่ปากสักพักจมูกตัน...เห้อออ!! ดูแล้วร้องไห้น่าจะถนัดกว่า😭,2025-04-09T06:57:13Z
699,@fewswyapost1311,ใครเข้าใจ MV บ้างคะ งงมากก ได้โปรดดบอก5555,2025-04-09T06:48:07Z
700,@wareeratbw5458,เอาน้ำตาเราไปเลย พวกแก !! #แม่งเพลงโครตดีเลยว่ะ 🤍🤍🤍🤍🤍,2025-04-09T06:39:19Z
701,@phetthanawat8146,ลองเอาคนอื่นมาแทนแล้วแต่มันก็ดีไม่เท่าเธอ🫠,2025-04-09T06:29:48Z
702,@aounlnwusn,โดน,2025-04-09T06:19:26Z
703,@ThatchaiBudpo,ปล่อยเพลงใหม่ต่อได้เลยครับ,2025-04-09T06:13:55Z
704,@saengtawanpoopoom4991,ขอโทษที่เอาภาพในหัวว่าพี่กิตร้องเพลงนี้ให้พี่โอมออกจากหัวไม่ได้ 5555555555555 เพลงขึ้นมามันใช่เลย,2025-04-09T06:07:59Z
705,@anuchithemmala4844,นางเอกMV ชื่ออารายคราฟฟฟ,2025-04-09T06:07:16Z
706,@WiratornPrawitchat,💙,2025-04-09T05:59:49Z
707,@moss-2626,ฉันยังรักเธออยู่เลย......,2025-04-09T05:58:30Z
708,@CorneliusZ05,ก่อน 1M views,2025-04-09T05:57:12Z
709,@phumiphatvuthithepbuncha1022,"""ทั้งที่มันก็นานแล้ว จบไปนานแล้ว ละที่ตรงนี้ไม่มีใครแล้ว😢""",2025-04-09T05:54:19Z
710,@JapPee-m6r,ฟังจบแล้วปล่อยเพลงใหม่ได้เลยครับ,2025-04-09T05:53:53Z
711,@พงศกรพวกิจ,อ่าาา....เปิดฟังกับแฟนไม่ได้อีกแล้ว เดี๋ยวบ้านแตก,2025-04-09T05:52:29Z
712,@NungP,ฟังจบเเล้วชอบ มากๆๆ,2025-04-09T05:51:43Z
713,@seuaofficials9682,เพราะมากๆครับ,2025-04-09T05:46:37Z
714,@kittigorn4442,1:26 ได้โปรดเปิดแกนวาร์ปให้ผมใช้เดินทางด้วยย,2025-04-09T05:45:28Z
715,@Boss38-bx8qw,❤❤❤,2025-04-09T05:44:23Z
716,@bossscent219,ขอบคุณผู้หญิงคนนึงที่ชอบพี่กิตมาก และเข้ามาทำให้เพลงวงนี้โดนกุทุกเพลงเลย 😢😢😢,2025-04-09T05:37:46Z
717,@Kans-lo9ok,ซ้อมเพลงนี้รอเจอกันวันที่17เมษาที่สระบุรีครับพี่ๆทรีแมนดาวน์ ซื้อบัตรรอแล้วครับ❤,2025-04-09T05:35:28Z
718,@golflove4616,ติดตามจนแก่เฒ่าครับ,2025-04-09T05:28:44Z
719,@jaoices3791,เขาอยู่ในใจนานกว่าในชีวิตเราอีก 🥀,2025-04-09T05:24:50Z
720,@yzmjxchpxwee,ฟังจบแล้วค่ะ ออกเพลงใหม่ได้เลย😂,2025-04-09T05:21:47Z
721,@บีวันเอฟเอฟ-ธ2ฌ,ยังรักใครไม่ไหวจริงๆ เพลงก็ออกมาตรงจังหวะดีจริงๆเลย ไม่มีใครสามารถแทนที่ใครได้😌,2025-04-09T05:20:47Z
722,@atm_bigcat9122,"ไม่เคยลืมเธอได้เลย เราไม่ได้เก่งเหมือนที่เธอบอกเลยสักนิด

เธอเก่งกว่าเราอีกที่ลืมมันไปหมดแล้ว",2025-04-09T05:16:52Z
723,@เฟรมมมิลี่,ไม่ต้องมีความสุขแล้วครั้บ ตาบวมหมดแล้ว😂😂,2025-04-09T05:13:22Z
724,@pool6m296,"ทั้งที่มันก็นานแล้ว จบไปนานแล้ว
และที่ตรงนี้ ไม่มีใครแล้ว😭",2025-04-09T05:12:41Z
725,@dewznarongsak8874,20 ล้านวิว ❤❤,2025-04-09T05:07:35Z
726,@tsynwa3063,บรรยากาศตึงเปรี๊ยะเลย  คนนึงพรอย(มน) ส่วนอีกคนก็พลอย แฟนชื่อกันน่าจะคุยกันดีๆ,2025-04-09T05:02:41Z
727,@candy3263,ก่อน1M❤,2025-04-09T04:55:01Z
728,@จอนวิก-ผ5ธ,ไม่ว่าจะปล่อยเพลงไหนออกมา ก็โดนใจตลอดเลย รักนะคะ ร้องเพลงให้ฟังแบบนี้ไปนานๆนะคะ,2025-04-09T04:54:28Z
729,@Avtan-uk1lg,🥺,2025-04-09T04:52:19Z
730,@justinfluke,ฟังจบเเล้ว Three man down แต่งเพลงใหม่ต่อได้เลยครับ 😍😍,2025-04-09T04:51:07Z
731,@WanwalitPiboonsirisombat,แนวนี้หละฟังครั้งแรกก็ร้องตามได้ เพาะจุง ขอให้ดังๆๆเด้อขรับบบบ,2025-04-09T04:47:29Z
732,@สุบินป้ํากระโทก,"ทรี แมน ดาวน์
เป็นคนจังหวัดอะไร🎉❤",2025-04-09T04:46:32Z
733,@prem5637,รักเลยยยย❤,2025-04-09T04:24:05Z
734,@eggwhites4872,รู้สึกเหมือนmvนี้หมายถึงพี่โอมเลย,2025-04-09T04:19:27Z
735,@ศศิพัชร์หอมสุวรรณ์-ฟ4ภ,มีแต่เราคนเดียวที่ยังจำเขาอยู่😢,2025-04-09T04:17:40Z
736,@m.tanitakhuttiyavan5666,แล้วเมื่อไหร่เมิงจะจริงจังสักทีวะ 🙂,2025-04-09T04:17:01Z
737,@สงกรานต์-ษ7ฑ,บาซ่าแชมป์แน่นอนครับ,2025-04-09T04:06:07Z
738,@เพชรบงกชมากทอง,Another masterpiece makmak😭🙏🏻🤍,2025-04-09T04:02:51Z
739,@PongChanden,สุดๆ ❤ ม่อนเอง,2025-04-09T04:02:42Z
740,@shefuuz6109,ดีมาก เล่น MV กันเก่งมากๆ อินไปด้วยจริงๆ เลยค่ะ T T,2025-04-09T03:57:26Z
741,@TheSukron,เพลงเพราะว่ะ TMD,2025-04-09T03:49:40Z
742,@sky2y_cronos,"เป็นเพลงที่เหมือนพูดแทนความรู้สึกผมไปแล้ว แต่ก็นะ การยึดติดกับคนๆนึงทั้งที่เลิกไปแล้วไม่ได้ทำให้เรามีความสุข 
จงรับความจริงที่เขาไม่ได้รักเราอีกแล้วให้ได้ เพื่อเจอคนที่ดีกว่า 🩹",2025-04-09T03:49:32Z
743,@ฟักยูว,ร้องเพลงไปเลยค่ะ ทางนี้จะร้องไห้🥹,2025-04-09T03:45:40Z
744,@MrArteto,"หึงคนอื่น ❌
หึงกันเอง กิตเต ✅",2025-04-09T03:41:44Z
745,@mayzaiiz.934,มี3ช่ายังคะ จะเอาไปเปิดสงกรานต์,2025-04-09T03:36:43Z
746,@lukkaewktgc,ให้สอนว่ายน้ำเอาไหม? พอดีเห็นจมอยู่แต่อดีต,2025-04-09T03:36:23Z
747,@noppanan-nop,🥰🥰🥰,2025-04-09T03:34:09Z
748,@killerblade416,สงกรานคนอกหักเยอะนะพี่กิต รอรับแรงกระแทกยอดวิวเลย😂,2025-04-09T03:29:01Z
749,@dreamybeats501,,2025-04-09T03:24:56Z
750,@พีลูลี่-ฃ6ฌ,เศร้าไอ้อีกขอบคุณกำลังอกหักเลย❤😢,2025-04-09T03:19:57Z
751,@cassgame4338,MV ถึงใจมักก,2025-04-09T03:18:20Z
752,@เรามีไรอยากจะบอก,"กิต
มองฟ้า❌
มองเต✅",2025-04-09T03:12:48Z
753,@Chana-J43,ถ้ารู้ว่ารักแล้วเจ็บขนาดนี้ เราไม่รักใครดีกว่า 🥲,2025-04-09T03:12:06Z
754,@mosh.surachai9579,❤,2025-04-09T03:10:26Z
755,@Oily223,"แล้วเพลงนี้ก็มาในช่วงเวลาที่กำลังดิ่งสุดๆ 
#นับต่อจากนี้ ไม่รู้ว่าอีกนานแค่ไหน กว่าที่ฉันจะกล้าไปเริ่มใหม่",2025-04-09T03:07:29Z
756,@ptngsngbm7057,"เพราะมันใช่ใครก็ได้ไง
มันเลยเริ่มใหม่ไม่ได้ง่ายๆ
เป็นไปได้ใครๆก็อยากมีแค่ 
รักเดียว/คนเดียว/ครั้งเดียว
ไม่มีใครอยากเริ่มต้นใหม่🙂",2025-04-09T03:03:24Z
757,@Siri.N-m6m,ร้องไห้ต่อแล้วนะ หลังจากฟังเพลงรักมาได้ไม่นาน 🥲🥲,2025-04-09T02:58:50Z
758,@为什么-f7z,เพลงเพราะมากค่ะ ฟังแล้วคิดถึงคนเก่าเลย,2025-04-09T02:58:20Z
759,@ต้นวุฒิชัย-ฅ2ผ,เพลงติดหูมากฟังไม่กี่รอบก็เริ่มร้องตามได้แล้ว  100 ล้านแน่นอน,2025-04-09T02:56:37Z
760,@thanyaratpakdeethai2781,ออกเพลงใหม่ให้ร้องตาม ❌ ออกเพลงใหม่ให้ร้องไห้ ✅,2025-04-09T02:56:28Z
761,@nongborfor,เข้าไอจีได้ยังคะเพลงดีๆแบบนี้😭😭😭😭,2025-04-09T02:48:17Z
762,@KowfilmNatchanon,ทำไมออกแต่ละเพลง ได้ตรงชีวิตผมจริงๆ,2025-04-09T02:47:26Z
763,@S_Jirayu,พยายามดูและฟัง MV ให้เศร้าแล้วพอเห็นหน้ากิต Three Man Down แล้วภาพตอนโดนท่อปล่อยไดไอซ์อัดใส่หน้าก็ลอยมา,2025-04-09T02:44:11Z
764,@สยุมภูยศสมบัติ-พ5ฏ,เพราะมากๆครับเพลงอินสุดๆ😅,2025-04-09T02:43:29Z
765,@netijenn8976,ปล่อยเพลงต้องแอบฟังอีกแล้ว เดี๋ยวเมียงอน,2025-04-09T02:42:37Z
766,@tadamsukpool7835,I love you Three man down ❤️,2025-04-09T02:40:29Z
767,@anuluk0811,เขาเริ่มใหม่ไปถึงไหนแล้ว ในขณะที่เรายังไม่เคยลืมเขาเลย 🥺,2025-04-09T02:37:13Z
768,@Kittipong_ng08,ที่เรากลับมาหาแกไม่ใช่ไม่มีใครรักแต่มันลืมแกไม่ได้จริงๆอยู่แกมันดีมากๆ,2025-04-09T02:35:59Z
769,@อาร์ม-ส9อ,🩷,2025-04-09T02:26:13Z
770,@พงศธรวนิชลานันท์-ป6ส,😭🙏😭,2025-04-09T02:23:55Z
771,@MmmCcf,love,2025-04-09T02:22:03Z
772,@สถาพรบ่อทอง,วงโปรดที่แกชอบออกเพลงใหม่แล้วนะ🙂,2025-04-09T02:21:06Z
773,@เมธาวีแก้วเอก-ฟ3ฒ,มันนนนนดืออ,2025-04-09T02:18:58Z
774,@FalamyFalamy,สถานการณ์ MV ทำเอานึกถึง ซัคซี๊ดเลย ความรักในวง,2025-04-09T02:16:49Z
775,@MyworldrevolvesaroundMarkTuan,เศร้าลงในทุกๆเพลงที่ปล่อย ...,2025-04-09T02:05:47Z
776,@NJstudiohappy,รอภาคต่อเลย !!!,2025-04-09T02:05:01Z
777,@maxkenz1e,🤍,2025-04-09T02:03:03Z
778,@kanittanonkaew9473,โถ่เอย ความฮัก,2025-04-09T02:00:25Z
779,@kristinekatemercurio1817,OHM,2025-04-09T01:54:23Z
780,@horrorgamer2888,"0:07 ผมแค่""เฮ่ย""",2025-04-09T01:52:37Z
781,@thingsthatllike8702,Whenever I’m listening to your music it always feels like I’m heartbroken too even it’s not. Every your songs are so amazing. Three man down ❤❤❤🎉🎉,2025-04-09T01:52:08Z
782,@paitoon1725,เพลงเข้าไอจียัง พร้อมลงสอตรี่เศร้าๆละ,2025-04-09T01:47:12Z
783,@asdwzify,เพลงโคดดี,2025-04-09T01:44:40Z
784,@psinghs2525,เป็ดกูชอบเอิญวะ,2025-04-09T01:38:24Z
785,@DreamOpticsquare,ทุกวันนี้ตอนขับรถฟังแต่เพลง Three Man Down และเพลงนี้จะเป็นอีก 1 เพลงที่ผมจะได้ฟังทุกวัน,2025-04-09T01:36:52Z
786,@champchamp2264,นี่มัน suckseed,2025-04-09T01:34:21Z
787,@Paparochs,เพลงดีครับ,2025-04-09T01:33:30Z
788,@Pratchaya21081,sound 2000 แทร้ๆ,2025-04-09T01:25:35Z
789,@ณรัณ-ช3ง,มือกลองวัยใสกับนายเคราแพะ 😍,2025-04-09T01:24:10Z
790,@artitayapanya3253,จะกล้าไปรักคนอื่นยังไงให้ไหวว,2025-04-09T01:16:46Z
791,@iloveanime2151,1,2025-04-09T01:15:36Z
792,@porsuchat8488,ที่ตรงนี้ไม่มีใครแล้ว ❤,2025-04-09T01:13:02Z
793,@eeakkaponbk9168,ความทรงจำ ที่วนมาซ้ำๆ ทุกวัน,2025-04-09T01:09:50Z
794,@oodnidza,สมบูรณ์แบบครับ,2025-04-09T01:08:42Z
795,@แนนนนนนนนน,ที่ตรงนี้ไม่มีใครแต่ทำไมตัวฉันถึงไม่กล้าไปรักคนอื่นเลย 🌻🌙,2025-04-09T01:05:29Z
796,@parkerpeter8630,✌️,2025-04-09T01:01:55Z
797,@รองประทานหมูกรอบ,นักร้องชอบมือเบส มือเบสมีใจให้มือกลอง หรือที่จริงแล้วนักร้องชอบมือกลอง,2025-04-09T01:01:03Z
798,@RockerLifeMetal,"เธอคงคิดว่าฉันนั้นลืมไปแล้ว และเธอคงไม่รับรู้เลยใช่ไหม ?
ว่าฉันนั้นยังคงเก็บมันเอาไว้ ทุกๆอย่าง 
#มันผ่านมาแล้ว 635 วัน แต่เจ็บกว่าการจากลาคือแม้ผ่านมานานแค่ไหนฉันก็ลืมเธอไม่ได้จริงๆ  😢",2025-04-09T00:55:49Z
799,@GameGame-ei6bg,มันไม่ใช้ใครก็ได้ที่มาแทนที่เธอ เราไม่ได้ต้องการคนที่ดีกว่า แต่เราต้องการเธอ,2025-04-09T00:47:53Z
800,@TOMKUNG69,หัวจ่ายเพลงเศร้ามาหนักๆเลย😢,2025-04-09T00:44:00Z
801,@FDNnitronic,เพลงนี้ร้องตามยาก แต่ร้องไห้ง่ายครับ😢,2025-04-09T00:42:21Z
802,@pitsanuhlokor5117,หลายปีที่เลิกกันไป แต่ฉันก็ยังเริ่มใหม่ไม่ได้อีกเลย,2025-04-09T00:42:00Z
803,@JayZone1987,"เพราะว่าทั้งหัวใจของฉัน มันยังมีแค่เธอ
ยังมีเพียงเธอ คนเดียวในหัวใจ
ฉันนั้นยังคงเก็บมันเอาไว้ ทุกทุกอย่าง❤",2025-04-09T00:40:29Z
804,@thammarutaom,ช่วยแชร์ให้แล้วครับ จากสมาคมคนตาบอดเลี้ยงงูจงอาง,2025-04-09T00:38:56Z
805,@tonikroos9093,"ถึงไม่กล้าไปร้ากกกคนอื่นเล้ยยยยย
อย่าบอกว่าเธอเห็นนเค้าดีมากเท่าไหร่รรรรรร",2025-04-09T00:37:02Z
806,@เเก้วยากรณ์แก้วแกมสี,เพราะมาก ❤,2025-04-09T00:33:35Z
807,@gotjinoname1849,เขาขยันปล่อยเพลงเศร้า เนอะ 😂😢,2025-04-09T00:32:15Z
808,@jwonbinj2666,นางเอก mv ตายเยี่ยงหมาข้างถนน,2025-04-09T00:29:46Z
809,@harryken_CFC,บางทีแผลจากคนๆนึง มันทำให้เราไม่กล้าเปิดใจให้ใครอีกเลย บางทีอาจจะยังลืมไม่ได้ บางคนอาจจะกลัวเจ็บและผมก็เป็นคนนึงที่ไม่กล้าเปิดใจ แต่ก็บอกกับตัวเองเสมอว่าถ้าเราเจอคนที่คิดว่าใช่ก็ลองเปิดใจดูอีกครั้งเพราะถ้าเรามั่วแต่กลัว เราอาจจะไม่ได้เจอรักที่ดีอีกเลย🤍,2025-04-09T00:23:24Z
810,@icc7915,รักแท้แพ้เพื่อน..,2025-04-09T00:21:51Z
811,@Andrew18-pk,ทั้งที่มันจบไปนานแล้วตั้ง4ปี เราลองแล้วลองรักคนอื่นแล้วก็ไปไม่รอด เพราะมันยังมีแค่เธอ ตอนนี้เราก็ไม่กล้าจะไปรักใคร,2025-04-09T00:19:33Z
812,@bnexodus72,เพลงโครตเพราะ,2025-04-09T00:14:47Z
813,@babywinter9438,ดีมาก แมสแน่❤️‍🔥,2025-04-09T00:13:29Z
814,@Fai1996-pnd,จะรักใครไหวได้ไง ก็ยังคืดถึงอยู่ทุกวัน 😔☹️,2025-04-09T00:10:00Z
815,@พัฒนศิลป์เทศรุ่งเรือง,😢,2025-04-09T00:05:46Z
816,@love0yah,Another amazing song,2025-04-09T00:04:09Z
817,@love0yah,I need a continuation,2025-04-09T00:03:49Z
818,@watcharapatneelasamit6549,❤️❤️❤️,2025-04-09T00:01:40Z
819,@BLACKTATTOO-k8q,เพราะทุกเพลง แล้วผมก็เสือกชอบทุกเพลง ❤,2025-04-08T23:56:08Z
820,@materialgenz1036,เม้นที่ 1000!,2025-04-08T23:29:17Z
821,@Moonut1919,🥹🥹,2025-04-08T23:24:46Z
822,@FUNG.U.S,บางวันก็ไหว บางวันก็ไม่ไหว,2025-04-08T23:21:13Z
823,@Gunneroio,"เธอไม่ใช่เเค่เดินจากไป แต่เธอเอาความรักเราไปด้วย  ""สุดท้าย  ก็ยังไม่กล้า รักใครอีกเลย "" ❤",2025-04-08T23:11:57Z
824,@nipawhongchantha6278,ก่อนเข้ามาฟังยังเฉยๆอยู่ พอฟังจบกลายเป็นคนอกหักต้อนรับสงกรานต์เฉย 😅😅,2025-04-08T23:05:32Z
825,@watcharawuttaichompoo9848,แต่ละเพลงเปลืองเบียร์มากนะ 😢,2025-04-08T22:57:36Z
826,@เที่ยวจังตังไม่มีจะแดกThailand,"มันก็ใช่ เมื่อก่อนไม่จริงจังขนาดนี้
แต่เมื่อมันเจอคนที่คิดว่า เขาคนนี้นี่แหละใช่แล้ว   สุดท้ายก็พัง!",2025-04-08T22:54:57Z
827,@อภิวัฒน์เขียวสีทอง,การที่ฟังเพลงที่ตรงกับชีวิตตัวเองนี่มันดีจริงๆครับ,2025-04-08T22:41:45Z
828,@Purple_Moon_IUsupczz,เรื่องเก่าๆมันทำให้เราไม่กล้าจะรักใครได้อีกเลย 😭,2025-04-08T22:39:32Z
829,@elizabethex2769,เอ็มวีอารมณ์คล้ายๆ หนังเรื่อง SuckSeed ห่วยขั้นเทพ แต่ตอนจบไม่เหมือนกัน เศร้าจัด 😢,2025-04-08T22:34:51Z
830,@tangpck2803,3-4 ปีแล้ว ไม่ลืมเลยสักวัน 🥺,2025-04-08T22:22:44Z
831,@Chaijirath,ตอนจบ ใจสลายมาก,2025-04-08T22:05:22Z
832,@yoursleepyishere2025,"ฟังเพลงนี้แล้วนึกออกอยู่ประโยคเดียว ""แด่ความรักในวัยเยาว์""",2025-04-08T22:03:06Z
833,@27HdOfficial,ทำนอวนี้กูชอบมากเหมือนทำเพื่อผม55666,2025-04-08T21:46:29Z
834,@aunworapat9412,มาแน่ๆเชียร์ครับ,2025-04-08T21:24:28Z
835,@อันธพาล2499OMG,"ชอบคอมเม้นท์ด้านล่าง 👇
""มืงก็รู้ว่ากูชอบเขาอยู่ แล้วมืงมายุ่งทำไมวะเพื่อน""",2025-04-08T21:13:47Z
836,@KasiroratMingkano,การรักใครสักคนทำไมมันเหนื่ยนาดนี้😢😢,2025-04-08T21:04:21Z
837,@kkitty-sn2vh,เป็นเพลงที่ดีมากๆ โคตรรรเพราะะ ต่อจากเพลงรักน่าจะเพลงเศร้ารัวๆๆ🫠 แต่ก็จะฟังอยู่ดี เพราะเพลงพวกพี่โคตรรรเจ๋งง👏🏻,2025-04-08T20:54:31Z
838,@kantaphonsupkeng2411,เธอไปกับคนที่เธอบอกไม่คิดไร แต่เธอทิ้งอดีดกับแผลไว้กับคนที่โดนบอกเลิก,2025-04-08T20:32:23Z
839,@thanapol-x9y,เข้าiGเลยได้ป่าว😢,2025-04-08T20:32:21Z
840,@PooGunWnp,ยังมีเพียงเธอคนเดียว..ในหัวใจ 🥺🐿️😭,2025-04-08T20:16:23Z
841,@PhilipJagielka07,ใครเคยเจอแฟนบอกเลิกแล้วไปคบกับเพื่อนที่เรารู้จักบ้าง 😢,2025-04-08T20:13:53Z
842,@สามัคคีคือพลัง,ชีวิตนี้ไม่เคยคิดชอบผู้หญิงคนเดียวกับเพื่อนเลยจริงๆ และต่อให้วันนึงมันเลิกกัน ก็ไม่คิดจะไปจีบด้วย เพราะฉะนั้นสถานการณ์ในMVนี้แม้งชวนอึดอัดไม่ไหว 555,2025-04-08T20:10:47Z
843,@bunyanutyoksap7397,อยากให้ทำเรื่องราวMVเพิ่ม ดันๆๆ,2025-04-08T20:08:19Z
844,@psopsompsop30,มันพูดเเทนพูดเเทนความรู้เราทุกอย่างเลย พึ่งรักเราไม่เหลือให้ใครเเล้ว,2025-04-08T19:53:49Z
845,@flukesniper06,เพลงดีมากๆเข้ากับสถานการณ์ในตอนนี้🤣🤣,2025-04-08T19:45:28Z
846,@thannarongniamnim2016,มาได้จังหวะเลยครับ😂,2025-04-08T19:44:03Z
847,@นันทนาคําพล,รักใครไม่ไหว ไม่ใช่เพราะเธอทำมาดีที่สุด แต่เพราะโดนเธอทำร้ายใจมากที่สุด,2025-04-08T19:40:24Z
848,@Ton-zu4su,✌,2025-04-08T19:31:24Z
849,@อารีรัตน์โชคคูณ-ฝ9ฆ,❤❤,2025-04-08T19:30:13Z
850,@RainbowsGallery-jb6yg,ฟังจบเเล้ว ลงภาคต่อได้ครับ😼,2025-04-08T19:24:48Z
851,@namemotika9752,เอาน้ำตาไปอีกไม่ไหว😢,2025-04-08T19:20:42Z
852,@thitiyaa0803,ใครสรุปเนื้อเรื่องในเอ็มวีให้ได้บ้าง งง 😢😢,2025-04-08T19:16:43Z
853,@kabill77,ทีแรกขอโทษที่ติดต่อไปแต่มาคิดดูแล้วมันคงรักใครไม่ไหวจริงๆ,2025-04-08T19:12:37Z
854,@MarkMarkkubbb,โคตรตรงใจ โคตรตรงชีวิต โคตรตรงหัวใจ โคตรตรงความรู้สึก โคตรตรงความคิว โคตรตรงความดื้อของตัวเอง โคตรตรงเลยพี่🥲🙃,2025-04-08T19:11:38Z
855,@Bao-yuu,😢😭😭😭,2025-04-08T19:10:34Z
856,@นวลสิริสุวรรณวุฒิกุล,ใครไหวไปก่อนเลย😅,2025-04-08T19:08:46Z
857,@bakrwurp,รักแกมันเจ็บมากๆเลยนะ แต่เราก็ยังเลือกรักแกเพราะในความเจ็บปวดนั้นยังสามารถยิ้มได้เพียงแค่ได้เห็นรอยยิ้มของแก  เหตุผลเเค่นี้แหละที่มันคุ้มค่ากับการเสียใจ^^,2025-04-08T19:08:01Z
858,@sumitrapimboonma9025,ยังมีแค่เธอ ยังมีเพียงเธอ คนเดียวในหัวใจ 🥹,2025-04-08T18:58:40Z
859,@babiijariya2531,🤍,2025-04-08T18:56:39Z
860,@BlueLaBlePoK,"เธอคงคิดว่าฉันนั้นลืมไปแล้ว
และเธอก็คงไม่รับรู้เลยใช่ไหม
ว่าทั้งใจของฉัน…",2025-04-08T18:55:43Z
861,@BossFreedom2001,ชอบมากเลยครับ🎉❤🎉,2025-04-08T18:55:24Z
862,@SoukMoukda-i4r,"เธอคงคิดว่าฉัน นั้นลืมไปแล้ว………
มันจบไปนานแล้ว😭😭😭",2025-04-08T18:54:00Z
863,@mioonpo,คล้ายสไตล์เพลง เล้าโลมเลย,2025-04-08T18:52:13Z
864,@ceosus8965,"เพราะฉันคิดว่าเพลง""รัก""ที่มอบให้เธอนั้นมันควรจะมีได้แค่เพลงเดียวเท่านั้นพอ😢",2025-04-08T18:45:05Z
865,@fernfern255,เหมือนจะมูฟออนได้แล้ว ฟังเพลงนี้จบรู้เลยว่าตัวเองมูฟออนไม่ได้เลย,2025-04-08T18:44:37Z
866,@wenderrindee2588,ฟังจบแล้ว ปล่อยเพลงต่อไปได้เลยฮะะะะ🫶🏻🤍,2025-04-08T18:42:32Z
867,@supansawangsong192,คุณภาพพพพพพพพพ,2025-04-08T18:38:40Z
868,@ThitiphongAiamwet2205,ความรักมันยุ่งยาก และทำให้คนเสียความรู้สึก,2025-04-08T18:26:43Z
869,@talcarriwitchet,เพลงเขาทำให้ร้องตามไม่ใช่ร้องไห้,2025-04-08T18:26:34Z
870,@Gyftsi,จบแบบ ทิ้งนางเอกไว้เลย😢,2025-04-08T18:24:50Z
871,@19m99_,เธอคงคิดว่าฉันนั้นลืมไปแล้ว แต่ฉันไม่เคยลืมเธอได้เลย :(,2025-04-08T18:17:42Z
872,@jakiwstudio360,คือ ชอบ ผญ คนเดียวกัน หรือ ผช หึงกัน อันนี้แบบ งง😅,2025-04-08T18:11:24Z
873,@toey0352,😊,2025-04-08T18:10:38Z
874,@tiwter2857,เตรียมทิชชู่ซับน้ำตาเลย🥲🥲,2025-04-08T18:09:56Z
875,@tharathepneppaiya7539,"เป็นเพลงที่เปลืองเหล้ามากก เพลงที่แล้วเพราะว่าเมาจนต้องโทรไปหาแฟนเก่า ""ขอโทษที่ติดต่อไป"" แต่พอมาเพลงนี้ก็ ""รักใครไม่ไหว"" เพราะมูฟออนไม่ได้อีก

ผมว่าคงไม่ได้มูฟออนกันหรอกครับ ซึมอยู่นี่แหละ มุแง้ T-T",2025-04-08T18:08:38Z
876,@Elsa2817-f4k,ขออยู่คนเดียวแบบคิดถึงเธอทุกวันดีกว่าคนที่เข้ามายิ่งตอกย้ำว่ารักเขาแค่ไหน,2025-04-08T18:06:30Z
877,@Calledmemyyu.k,😢,2025-04-08T18:03:18Z
878,@gnotxch4975,กลิ่นไอของวงกลับมาแล้ว รู้สึกเหมือนกับตอนที่เริ่มชอบวงนี้ตั้งแต่แรกๆอ่ะ 😊😊,2025-04-08T17:58:19Z
879,@palmplt5481,🖤,2025-04-08T17:57:34Z
880,@shenameyani,จบไปนานแล้วแต่ไม่มีใครแทนที่เธอได้เลยและไม่มีใครแทนเธอได้เราเลยไม่กล้าไปรักใครเลยเพราะเรามีแค่เธอในใจมาโดยตลอด🥲💔,2025-04-08T17:57:11Z
881,@siwanats,กดเข้ามาฟังตอน 314458 วิว 6ชั่วโมงหลังจากปล่อยครับ 0.48 น. 9/4/68,2025-04-08T17:48:27Z
882,@AaBb-q5s7h,ไม่ใช่ว่าเราไม่กล้าเดินต่อเเต่ถ้าฝืนเดินต่อเราก็จะเจ็บอีกเเต่ถ้ายังอยู่ตรงนี่เราก็จะจมอยู่กับอดีตต่อไปเราจะทำไงต่อดี😢😢😢,2025-04-08T17:47:10Z
883,@อุมาพรกุลฐิติกร-ฉ9บ,เพลงนี้ทำให้คิดถึงเพื่อนอยู่คนนึง😢,2025-04-08T17:47:05Z
884,@พรณรงค์สุวรรณจักร-ม3ผ,แบบนี้สิ ทรีแมนดาว,2025-04-08T17:46:08Z
885,@MegaWing13,คนอื่นลุ้นมากแต่นี้ ลุ้น mv นี้จะ นางเอกเหรือนายเอก ตัดสลับหน้าจน ไม่คิดว่าจะจบแบบนี้เลย,2025-04-08T17:46:01Z
886,@polopolo2545,ดีย์,2025-04-08T17:40:24Z
887,@nnm4112,ฟังจบแล้ว หลังสงกรานต์รอปล่อยอีกเพลงอยู่นะครับ😅 ❤️lll,2025-04-08T17:36:22Z
888,@เอกกมลอบเชย-ณ8ญ,ผมฟังคนเดียว10000วิวแล้ว 😅,2025-04-08T17:33:54Z
889,@DZTD_BAND,ความรู้สึกที่ทุกคนเคยเจอ… พยายามลืม แต่กลับพบว่าใจมันยังมีแต่เธอ 😔 แม้ว่าจะผ่านมาแล้วนาน แต่ก็ยังไม่สามารถรักใครได้เหมือนเดิม💔 พยายามเปิดใจให้คนอื่น แต่ก็เหมือนกับการโกหกตัวเอง… เพราะคนเดียวที่อยู่ในใจคือเธอ 🖤,2025-04-08T17:33:43Z
890,@กิตติพัฒน์-ฝ4ค,ตรงกับความรู้สึกตอนนี้มากกก  ผ่านมา5เดือน แต่ก็ยังรู้สึกว่าจะไปรักใครไม่ได้อีกเลย 😂😂,2025-04-08T17:32:43Z
891,@ติดหลง,บอกเล่าถึงความพยายามเริ่มต้นใหม่ แต่กลับพบว่าหัวใจยังไม่พร้อมที่จะรักใคร เพราะมันยังคงมีแค่เธอ แม้เวลาจะผ่านไปนานแล้ว แต่ความรักนั้นกลับไม่เคยหายไปเลย จนสุดท้ายก็ต้องยอมรับว่า...บางครั้งการรักใครสักคนก็ทำให้เราต้องเจ็บ แต่เราก็ยังไม่สามารถลืมมันได้เลย 💔,2025-04-08T17:32:14Z
892,@the_animal_party,การที่คนหนึ่งยังคงไม่สามารถลืมความรักเก่าได้ แม้จะพยายามเปิดใจให้กับคนอื่น แต่หัวใจก็ยังคงมีแต่เธออยู่เสมอ 💔 แม้ว่าจะรู้ว่ามันผ่านมาแล้ว แต่ความรักนั้นก็ยังคงฝังลึกในใจ ไม่สามารถเริ่มใหม่ได้จริงๆ 🕰,2025-04-08T17:31:06Z
893,@Music-en8vl,ชอบนะ,2025-04-08T17:30:56Z
894,@walailukphumyai8952,รักใครไม่ไหวจริงๆ😢,2025-04-08T17:27:31Z
895,@อนุภาพภูธาตุเพชร-พ8ญ,บอกตัวเองเสมอ ถ้ายังรู้สึกกับคนเก่าอยู่จะไม่เอาใครเข้ามาในชีวิต ตอนนี้ก็9เดือนละยังไม่มีใครเลย 🙂,2025-04-08T17:25:14Z
896,@EARTH8787,ฟังจบแล้วครับปล่อยเพลงใหม่ได้เลย,2025-04-08T17:24:36Z
897,@wh1tecloud.310,"ทั้งที่ตรงนี้ไม่มีใครแล้ว แต่ทำไมตัวฉัน . . . 
ยังมีแค่เธอ ยังมีแค่เธอคนเดียว. : (",2025-04-08T17:23:42Z
898,@PNawapoom,ใครมีวาร์ปนางเอก mv บ้างไหมเอ่ย😅,2025-04-08T17:17:39Z
899,@C_littlecat,จบไปนานแล้วแต่เรายังรักเพียงแค่เธอคนเดียวเราไม่กล้ารักใครใหม่กลัวการเริ่มต้นใหม่😢,2025-04-08T17:16:57Z
900,@thanawatwatt3277,ตอนแรกฟังแค่เพลงก็รู้สึกเฉยๆแต่พอดู MV น้ำตาซึมเลย😢,2025-04-08T17:16:32Z
901,@Porkardan,เพลงแม่งบาด,2025-04-08T17:16:31Z
902,@prayut48,ผมจะกล้าพาแฟนใหม่ไปดูคอนเสิร์ตวงนี้ไหมอ่ะ 555555,2025-04-08T17:15:52Z
903,@GG69-w4r,มึงก็รู้ว่ากูชอบเค้าอยู่ แล้วมึงมายุ่งทำไมว่ะเพื่อน??,2025-04-08T17:15:34Z
904,@ggdfthings731,ถ้าส้มฟังเพลงแล้วมาอ่านเม้นอยากบอกว่าปอน ลืมแกไม่ได้จริงๆ  แต่เธอมีคนใหม่ไปแล้ว ปอนก็ขอ ให้มีความสุขกับคนนั้น ที่ดูแลเธอดักว่าเรา นะ คนที่ไม่มีเวลาพอที่แม้จะบอกรัก  ก็ขอโทษด้วยนะ แก คงจะคิดเราลืมแล้ว แต่เราลืมแกไม่ได้จริงๆ ยังมีความคิดว่าจะเริ่มต้นใหม่แต่คงเป็นไปไม่ได้ คงได้แค่คิด ได้แต่คิดถึงและได้แค่ขออวยพร ให้รักสมหวังนะส้ม  แต่เราแค่ ทักไปยินดีแค่นั้น ทำไมต้องบล็อกผมด้วย แต่ผมรู้ตัวเอง ว่า ไม่มีสิทธิ์เข้าไปก้าวก่ายชีวิตคู่ ขอแก ขอโทษด้วย,2025-04-08T17:15:18Z
905,@TonWor,รอฟังใน BMMF15 ทีเดียวครับ,2025-04-08T17:09:39Z
906,@GodmodeIII,รักคนอื่นอะไรเพื่อนกันทั้งนััน 😂,2025-04-08T17:01:46Z
907,@bitcoin7703,2ปีแล้วที่เลิกกัน ฉันยังไม่มีเริ่มต้นใหม่กะใครเลย ฉันก็ไม่รู้เพราะอะไร คิดถึงนะ,2025-04-08T16:59:01Z
908,@Balabuild,เพลงรักมันไม่อิน TMD มันต้องเพลงเศร้าเลยจริงๆ อยากไปร้องในคอนแล้ววว 🥹,2025-04-08T16:58:33Z
909,@k9lyconic567,นางเอกใช้มือกลองวงอาหารเช้าธัญพืชไหมครับ,2025-04-08T16:57:26Z
910,@sasithornsripalakorn4872,ร้องตามยังไม่ค่อยได้ แต่ร้องไห้อ่ะ ได้เลยนะ 😢,2025-04-08T16:56:14Z
911,@kingyokkhueanok2849,🖤,2025-04-08T16:53:09Z
912,@27b79,🎉,2025-04-08T16:51:51Z
913,@thanaseknongfad70,จากข้างกัน  สู่เพลง รักใครไม่ไหว,2025-04-08T16:50:41Z
914,@sasikankeawyod6378,เหมือนมีภาคต่อเลย อยากดูค่าๆๆๆ,2025-04-08T16:49:41Z
915,@Guguskub,❤,2025-04-08T16:49:29Z
916,@J.Edition,พี่กิตชอบพี่เตแน่ๆ,2025-04-08T16:47:14Z
917,@Chawin_p,กว่าจะรู้ว่ารักใครจริงๆมันไม่ง่ายเลย แล้วจะให้ไปรักใครอื่น ทั้งที่ใจยังรักและคิดถึงมรึงอยู่ได้ยังไง,2025-04-08T16:45:30Z
918,@ThansitaYothinsinwatthana,สงกรานต์นี้เล่นน้ำพร้อมน้ำตาป่ะคะ🥲,2025-04-08T16:40:00Z
919,@pa-toei,ชอบที่มีปูไปเพลงต่อไป,2025-04-08T16:39:16Z
920,@specialzgz6510,"ทำมาให้ร้องตาม ❎
ทำมาให้ร้องไห้ ✅✅✅",2025-04-08T16:39:06Z
921,@BoomZP,เขาว่าโลกจะเหวี่ยงคนที่ไม่ใช่ออกไปจากชีวิตเรา แต่ชีวิตผม โลกเหวี่ยงคนดีๆออกไปหมด,2025-04-08T16:33:37Z
922,@saiwanppp,คิดถึงแฟนเก่า😂😢,2025-04-08T16:33:00Z
923,@sarachchandaeng1870,plot เรื่องแอบนึกถึง Suckseed เลย เพลงดีเนื้อเรื่องที่คุ้นเคย ดี,2025-04-08T16:32:28Z
924,@Kuopper,เราใช้เวลาเป็นปีๆหรืออาจจะมากกว่านั้นที่พยายามรักษาความเสียใจในสิ่งที่คุณทำมันพังลงไปภายในไม่กี่นาที,2025-04-08T16:30:49Z
925,@โนเนม-ส4ล,นึกถึง suckseed,2025-04-08T16:30:37Z
926,@jameracing4702,สุดๆ,2025-04-08T16:30:11Z
927,@Phatwut199x,ลงเพลงใน tidal หน่อยได้ไหมคะ 😢,2025-04-08T16:29:59Z
928,@chawektxai2474,"ถ้าน้องสปายเผลอกดเข้ามาฟังเเล้วเจอเมนท์เรา
ขอให้เเกมีความสุขนะ เรื่องมัน4-5ปีเเล้ว เรื่องราววันนั้นมันเหมือนตราบาป เรานัดเจอกันที่คอนthreemandow เเต่เราไม่มีโอกาสเจอหน้ากันเลย เราอยากให้เธอรับรู้ว่าถึงเราจะเลิกลากันนานเเล้ว ติดต่อกันบ้างเป็นบางที เเต่จริงๆเราเเค่อยากเห็นเเกมีความสุขเราก็โอเครเเล้ว เราเข้าใจมาตลอดว่า ทุกๆอย่างมันล้วนเปลี่ยนเเปลงไปตามกาลเวลา เเต่เธอรู้ใว้อย่างหนึ่ง ครั้งเเรกที่เราเจอกัน เธอเป็นคนที่เราตกหลุมรักคนเเรก เเล้วต่อจากนี้เราก็จะเลิกติดต่อไปรบกวนอีกเเล้วนะ 🤍🫶🏻",2025-04-08T16:27:54Z
929,@thanakitmine9139,🥺,2025-04-08T16:26:55Z
930,@tarawut-c6q,😢😢,2025-04-08T16:26:14Z
931,@godoffical2013,ดังแน่นอนครับเพลงนี้ ผมเปิดลำโพงสุด,2025-04-08T16:24:01Z
932,@sicom_sisaket.1,นางเอกน่ารัก คล้ายๆพิมมาเลย,2025-04-08T16:23:00Z
933,@บัณฑิตาพิมานรัมย์-พ7ธ,♥️,2025-04-08T16:20:40Z
934,@channel-ei5vh,"ฟังกับคนใหม่ไม่ได้เลย
 #Fc ขอเพลงสมหวังบ้าง 😅😅😅😅",2025-04-08T16:20:38Z
935,@ZERU004,"เนื้อเพลง รักใครไม่ไหว

ลองแล้ว ฉันเคยลองเริ่มใหม่
เคยลองให้ใครเข้ามา เพื่อแทนที่ของเธอ 
แต่ก็ไปไม่ได้ไกล เหมือนว่าหัวใจของฉัน ยังคงมีแค่เธอ

ทั้งที่มันก็นานแล้ว จบไปนานแล้ว
และที่ตรงนี้ ไม่มีใครแล้ว 
แต่ทำไมตัวของฉัน

*ถึงไม่กล้าไปรักคนอื่นเลย  รักใครไม่ไหว
ยังมีแค่เธอ ยังมีเพียงเธอ คนเดียวในหัวใจ
นับต่อจากนี้ ไม่รู้ว่าอีกนานแค่ไหน
กว่าที่ฉัน จะกล้าไปเริ่มใหม่

ถ้ารู้ว่าการรักใครสักคน 
มันต้องทุกข์ทนอย่างนี้ 
ฉันก็คงไม่รักใคร แต่วันนี้มันก็คงจะสายไป
เพราะว่าทั้งหัวใจของฉัน มันยังมีแค่เธอ

ทั้งที่มันก็นานแล้ว จบไปนานแล้ว
และที่ตรงนี้ ไม่มีใครแล้ว 
แต่ทำไมตัวของฉัน

*ถึงไม่กล้าไปรักคนอื่นเลย  รักใครไม่ไหว
ยังมีแค่เธอ ยังมีเพียงเธอ คนเดียวในหัวใจ
นับต่อจากนี้ ไม่รู้ว่าอีกนานแค่ไหน
กว่าที่ฉัน จะกล้าไปเริ่มใหม่

เธอคงคิดว่าฉันนั้นลืมไปแล้ว
และเธอคงไม่รับรู้เลยใช่ไหม
ว่าฉันนั้นยังคงเก็บมันเอาไว้ ทุกทุกอย่าง

เธอคงคิดว่าฉันนั้นลืมไปแล้ว
และเธอก็คงไม่รับรู้เลยใช่ไหม ว่าทัังใจของฉัน

ถึงไม่กล้าไปรักคนอื่นเลย  รักใครไม่ไหว
ยังมีแค่เธอ ยังมีเพียงเธอ คนเดียวในหัวใจ
นับต่อจากนี้ ไม่รู้ว่าอีกนานแค่ไหน
กว่าที่ฉัน จะกล้าไปเริ่มใหม่

เธอคงคิดว่าฉันนั้นลืมไปแล้ว
และเธอคงไม่รับรู้เลยใช่ไหม
ว่าฉันนั้นยังคงเก็บมันเอาไว้ ทุกทุกอย่าง

เธอคงคิดว่าฉันนั้นลืมไปแล้ว
และเธอก็คงไม่รับรู้เลยใช่ไหม ว่าทัังใจของฉัน
 “ไม่กล้าไปเริ่มใหม่”

ผมอยากร้องไปด้วยแต่ยังไม่มีใครพิมพ์เนื้อเพลงไว้เลยผมเลยทำเองซะเลย55555",2025-04-08T16:18:24Z
936,@FourrealNum2,โคตรเจ็บเลย เวลามองเพื่อนกับคนที่ชอบอยุ่ด้วยกันตลอดเวลา ทำไมเราต้องเป็นแบบกิตด้วยนะ,2025-04-08T16:18:08Z
937,@MoostoryS,เศร้าต้อนรับสงกรานต์ไปเลย 😢,2025-04-08T16:15:40Z
938,@Realtickwithrealcage,เปิดหัวด้วย เพลงรัก หลังจากนี้เพลงเศร้าสินะ,2025-04-08T16:14:05Z
939,@nurhapisasamoh4688,ฟังจบร้องตามได้เลยอ่ะ ร้องเพลง❎ ร้องไห้✅😭😭😭 แผลใจยังสดอยู่เลยย💔,2025-04-08T16:11:02Z
940,@paepitiwat6050,สบาย ไหวไม่เท่าทองลงหรอก😢,2025-04-08T16:10:35Z
941,@sakurakung8000,จบแบบนี้เพลงใหม่อีกไม่นานแน่เลย5555,2025-04-08T16:06:18Z
942,@อนุศักดิ์ชัยพัก,สิ่งที่ทำไม่ได้..จริง,2025-04-08T16:04:43Z
943,@slowlifeth5506,สุดจริง,2025-04-08T16:04:19Z
944,@jirayusuwan2053,เพราะตั้งแต่ครั้งแรกที่ฟังคับ,2025-04-08T16:04:13Z
945,@peeratadprasomsakpoomfa254,อยากเป็นท๊อปเม้นต์คั้บบ,2025-04-08T16:04:08Z
946,@Hbybbb,กลับไปก็ไม่ได้ ไปต่อก็ไม่ไหว😭🖤,2025-04-08T16:02:17Z
947,@mojiemojie,มาถูกจังหวะมากค่ะ555555,2025-04-08T16:00:54Z
948,@nutwadee97,ทั้งที่มันก็นานแล้ว 😂,2025-04-08T16:00:00Z
949,@BoyBoy-ju7rm,เดานะ มี MV ภาคต่อ,2025-04-08T15:59:16Z
950,@Biiw_Achiraya,ไม่เคยทำให้ Move onได้เลย😢,2025-04-08T15:55:08Z
951,@mayuravongsita2521,ศิลปินร้องเพลง แฟนคลับร้องไห้ 😢,2025-04-08T15:53:55Z
952,@narasakthammarat8386,จบไปนานแล้ว แต่ไม่กล้ารักใครอีกมีจริง ๆ นะ ก็ตอนเลิกกันมันเจ็บขนาดนั้น เจ็บจนทนไม่ไหวเลย,2025-04-08T15:53:49Z
953,@thanachaipitisarn7800,ลองตั้งใจรักใครสักคนใหม่ เพื่อมาพบว่าคำตอบยังเป็นเธอที่อยู่ในใจเหมือนเดิม,2025-04-08T15:52:27Z
954,@zxxxz-lb1gl,เพลงดีจัด,2025-04-08T15:51:57Z
955,@วิชาญบุลยเลิศ,ผมมีน้องคนนึง เราอยู่ด้วยกันมา2ปีแล้ว ความสัมพันธ์ของผมกับน้องเริ่มพัฒนาขึ้นจนสามารถบอกได้ว่าเรา2คนรักกันมาก แต่ไม่กล้าบอกใครเพราะเป็นผู้ชายทั้งคู่ แต่ทีนี่น้องชวนผมไปเที่ยวบ้าน....น้องก็เปลี่ยนไป ...จากนั้นไม่นานเพื่อนน้องก็มาพอทีนี้มีเพื่อนผู้หญิงคนนึงมานอนข้างน้องผมพยายามบอกให้ขยับแล้วแต่น้องก็ไม่ขยับไปไหนแถมห่มผ้าเดียวกันด้วย ทำเอาตอนนั้นผมนอนไม่หลับเลย สรุปคือ 2ปีที่ผ่านมา😢แพ้คนเจอกันแค่วันเดียวหรอ😢 ไม่รู้ว่าจะรักใครไว้ใจใครได้อีก😢,2025-04-08T15:51:51Z
956,@Narathon9,❤,2025-04-08T15:50:48Z
957,@prangjup5707,"ไม่กล้าไปรักคนอื่นเลย รักใครไม่ไหว!
จริงทุกคำ🥲",2025-04-08T15:49:16Z
958,@Kanin0212,😭,2025-04-08T15:48:30Z
959,@นราชัยเหมือนสีเลา-ร1ค,เพลงต่อไปเลยครับพี่,2025-04-08T15:47:08Z
960,@sittichokroddum4881,ไม่อยากรักใครแล้วจริงๆแล้วหวะ,2025-04-08T15:46:07Z
961,@นันทนาคําพล,"ปล่อยเพลงให้ร้องตาม ❌
ปล่อยเพลงให้ร้องไห้ ✅",2025-04-08T15:45:28Z
962,@singhjantan,ฟังครั้งแรกก็ซึ่งแบบเจ็บๆจุกๆ ทำให้กลัวไปเลยในทุกๆด้านของความรัก,2025-04-08T15:42:38Z
963,@thanadolinfoo1352,😪,2025-04-08T15:42:22Z
964,@sweetlovexcinematography9881,จะมูฟออนจากแฟนเก่าได้ปีไหน,2025-04-08T15:39:28Z
965,@คัทลียาปุณชาติ,ฟังจบแล้ว ร้องตามได้แล้ว ลงเพลงใหม่ได้เลยพี่ 💞😁,2025-04-08T15:38:20Z
966,@pondpy602,ขอบคุณเพลงดีๆครับรอนานมาก คิดถึงกลิ่นเพลงแบบนี้มากกก มาสักที ชอบมากค้าบบบบบบบบบบบบบบบบบ,2025-04-08T15:36:19Z
967,@Satan-mh5ls,อะไม่ต้องลงไม่ต้องลืมมันแล้ว 3ปีแล้ว,2025-04-08T15:36:05Z
968,@ArmCNX555,ฟังเพลงเศร้ายังไงไม่ให้เจ็บ คืออย่าฟังใกล้งูจงอาง🐍,2025-04-08T15:35:14Z
969,@supersulathai,อยู่วงเดียวกันแท้ๆทำไมต่อยกันเองครับ,2025-04-08T15:34:42Z
970,@StepGeekTVOnline,ถ้าแกไม่เคยรักใครมากขนาดนี้ แกจะเข้าใจเราได้ยังไงวะ,2025-04-08T15:32:58Z
971,@tarcheetar5105,เพลงและMV ทำให้พี่โอม😂,2025-04-08T15:28:24Z
972,@JWATNET,"""แค่เพื่อน"" คำนี้ไม่มีจริง",2025-04-08T15:27:59Z
973,@skcsakchai5865,"พี่เตเสรยงห์เป็นอะไรห์หรอครับห์
จริงจังห์เชี้ยวห์😂",2025-04-08T15:27:56Z
974,@theyam4451,ผมก็ลองแล้วผ่านมาสองปี ยังไม่ไหว😂😂😢,2025-04-08T15:25:16Z
975,@artsara3520,สงสัยกูจะแก่555เพลงแนวไรวะเนี่ย,2025-04-08T15:24:53Z
976,@ENERGYbest7924,มาก่อน 100 ล้านวิว 💖💖,2025-04-08T15:24:33Z
977,@ยุรนันท์จันดา-ฑ3ณ,นั่งดูMv.8รอบสุดท้ายแล้วคนที่ขับชนนางเอกคือ........,2025-04-08T15:23:11Z
978,@aom219,เข้าใจเพลงแต่ไม่ค่อยเข้าใจเนื้อเรื่องแต่พอถึงช่วงที่กิตกินยา เหมือนเอาเรื่องป่วยจริงมาเล่นด้วย โอ้โห้น้ำตาแตก 😭😭😭,2025-04-08T15:23:10Z
979,@bbzqxgp2530,ในทุกๆความสัมพันธ์มันจะมีคนนึงที่รักมากกว่า และคนคนนั้นมักจะเป็นเราเสมอ,2025-04-08T15:21:34Z
980,@เกียรติภูมิจุลยโชค-ฝ6ล,😶,2025-04-08T15:20:53Z
981,@Kkchidapa,พี่กิตพี่เต อย่าทะเลาะกันค้าบบบบ,2025-04-08T15:18:08Z
982,@microwavex2899,ฟังแล้วขนลุก (เพราะมาก mv ดีมาก),2025-04-08T15:18:06Z
983,@น้ําฝนวรสุข-ฅ8ณ,จบไปนานละทำไม เรายังรักแค่แกอะ แว่น รักแค่แกคนเดียว,2025-04-08T15:15:45Z
984,@mizunozamoshe,❤❤❤❤,2025-04-08T15:12:55Z
985,@stokerneverdie4258,𝐹𝑒𝑒𝑙 𝑠𝑢𝑐𝑘𝑠𝑒𝑒𝑑𝑑𝑑❤,2025-04-08T15:12:50Z
986,@mittapharbpouratano7630,FC จาก ส ป ป ลาว 🇱🇦,2025-04-08T15:12:03Z
987,@jupitersrpm9952,ชื่อเยอะแยะมากมาย ดันชื่อตรงอีก 5555555555 ซึมเลยกู,2025-04-08T15:11:31Z
988,@babycarrot-t3t,คนตรงนี้ยังรักใครไม่ไหว แต่คนตรงนั้นไปรักคนอื่นแล้ว😢,2025-04-08T15:10:54Z
989,@น้ําฝนวรสุข-ฅ8ณ,รักแกนะ แว่น เรารักใครไม่ได้อีกแล้ว,2025-04-08T15:10:44Z
990,@mosjanuaryy2796,ฟังจบแล้ว ปล่อยเพลงใหม่ได้,2025-04-08T15:10:28Z
991,@teerakarnpaengthaisong3140,TMD เพลงแต่ล่ะเพลงแม่งโดนใจจริงๆ,2025-04-08T15:09:12Z
992,@Mrone-tz4wp,ยังไม่ทันหายโกรธ… เธอก็หายไปจากโลกนี้เเล้ว,2025-04-08T15:07:09Z
993,@jeanpemika1123,งู้ยยอกหักดีย์จังงงง🩷,2025-04-08T15:05:44Z
994,@ราเชนทร์แสงเดชะ-ฮ9ป,รักใครไม่ไหวจริงๆตอนนี้ ลองคบ คนอื่นแล้ว มัน ก็รักเค้าไม่ได้จิงๆๆ😢😢😢,2025-04-08T15:04:31Z
995,@Chalitanoon2301,"ฟังเพลงแล้ว
ร้องตาม✖️
ร้องไห้☑️",2025-04-08T15:01:11Z
996,@yoraltt5284,ทั้งที่ที่ตรงนี้ไม่มีใครแล้ว ทำไมตัวฉันถึงไม่กล้าไปต่อ ทำไมยัง“รักใครไม่ไหว”,2025-04-08T15:01:01Z
997,@pkond2828,ซึมจัด,2025-04-08T14:59:48Z
998,@natdanaiboonsom8331,ติดหูชิบหายเลย,2025-04-08T14:58:00Z
999,@Jannutcha,🖤 ร้องไห้ไปเลยแม่,2025-04-08T14:57:35Z
1000,@torfunz3516,เหมือน TMD เริ่มตื่นขึ้นจากก่อนเป็นปีศาจที่สะลึมสะลือมานาน ชอบแนวเพลงนี้มากๆ,2025-04-08T14:56:02Z
1001,@voranartsirisubsoontorn,ทุกวันนี้ได้แต่ สร้างสุขไปกับการดูคนร้องรำทำเพลงเต้นแรงเต้นมันส์   แต่ตัวเองไม่มีความอยากร้องหรือเต้นเอง ไม่รู้เพราะอายุมากแล้ว ปะคะ อิอิ😮😮😮,2025-04-08T14:56:01Z
1002,@piyanuchk2282,ถ้ารู้ว่าการรักใครสักคน มันต้องทุกข์ทนอย่างนี้ ฉันก็คงไม่รักใคร (';,2025-04-08T14:55:10Z
1003,@เมธาสิทธิ์ทาโสม-ค7ฐ,เพลงโดนเส้นจัดเลย😢,2025-04-08T14:55:04Z
1004,@สมชายลีทอง-ฑ5ฝ,ผมที่ฟังจบแล้ว เพลงต่อไปเลยคับ,2025-04-08T14:54:35Z
1005,@ครัวคนบาป,เทอก็คือเทอนะไม่ว่าจะทำอะไรให้เราเสียใจเราก็ยังให้อภัยเทอเสมอไม่มีใครมาแทนเทอได้นะ🥺,2025-04-08T14:52:04Z
1006,@ploysupaporn,ผมเกลียดพี่ก่เพลงนี้แหละ โดนมากตอกย้ำสุดๆๆ,2025-04-08T14:51:30Z
1007,@primmmmm8162,😢,2025-04-08T14:49:41Z
1008,@LUKEVAYO,❤️❤️❤️❤️,2025-04-08T14:49:29Z
1009,@sengsenggirlz,ร้องไห้จบแล้วปล่อยเพลงใหม่ได้เลยค่ะ!!,2025-04-08T14:49:17Z
1010,@JaUn0805,เราสามารถตบะแตกทักไปหาคนเก่าเพราะอยากส่งเพลงนี้ให้เขาได้มั้ยคะ 🥹,2025-04-08T14:49:16Z
1011,@SENJURAInk,ยังมีแค่เธอคนเดียว ที่พิเศษที่สุดสำหรับเรา ถึงเธอจะไม่ได้อยู่ข้างๆเราแล้ว แต่เราสัญญาได้เลยนะ ว่าเราจะอยู่ข้างๆเธอตลอด เราไปรักใครไม่ได้อีกแล้ว นอกจากเธอ เรารอเธออยู่เสมอนะ หันมาเมื่อไหร่ก็จะเจอเราอยู่ที่เดิมเสมอนะ ไม่เคยลืมม ❤🥲,2025-04-08T14:48:26Z
1012,@garmpoo6654,เอาลงไอจียังคะ หนูจะเอาไปลงสตอรี่แล้ว😢,2025-04-08T14:48:25Z
1013,@Yooook.,พอจะเริ่มใหม่ มันก็กลัว กลัวที่จะเป็นแบบเดิม ไม่ใช่ว่าไม่ลืมคนๆนั้นอ่ะ มันลืมไปแล้ว แต่แค่ไม่กล้าจะออกเส้นที่ขีดไว้เพื่อป้องกันตัวเอง วันที่ที่อย่างมันพังทลาย มันเหมือนแทบไม่อยากเดินต่อเลยนะ,2025-04-08T14:48:19Z
1014,@เมธาวีดวงกมล,🥺,2025-04-08T14:48:15Z
1015,@thawatchaipakwan8502,อดีตมันไม่จางหายไป มันก็ยังวนเวียนอยู่ในหัว ทำใจให้ไปรักใครสุดท้ายมันก็ยังคงมีผลต่อเราเสมอ มีแค่น้ำตาที่พอจะช่วยบรรเทา,2025-04-08T14:48:12Z
1016,@KunOat-v8c,รักใครไม่ไหว นอกจากรักตัวเองแล้วจริงๆ,2025-04-08T14:47:43Z
1017,@anuwatpimparat2510,ขอให้เธอมีความสุขกับคนที่เธอรักนะ🤍,2025-04-08T14:46:27Z
1018,@Nattapon-d4d,ตอนท้ายนี่เพลงใหม่ปะครับ🤣,2025-04-08T14:45:44Z
1019,@kowigpradabsri1433,🥹🥹🥹,2025-04-08T14:44:59Z
1020,@mbrhacker,ตรงกับเรามาตอนนี้ ไม่รู้ว่าจะรอไปทำไม รู้อยู่แล้วว่าเธอจะไม่กลับมา😢,2025-04-08T14:42:41Z
1021,@saisaimedsai,เพลงรักมีกี่เพลงตอบ!!😂❤|||,2025-04-08T14:42:38Z
1022,@suayshiphaii,แงงงง เพลงดีมากกก เอาอีกๆๆๆๆ,2025-04-08T14:40:46Z
1023,@Guy-wf1qp,แต่ละเพลงออกมาโดนๆทั้งนั้น จากใจที่อยู่คอนโดเดียวกับพี่😊ผมโครตเอฟซีพี่กิตเลยวะ🙏🏻🙏🏻🙏🏻,2025-04-08T14:37:27Z
1024,@aofaekarin9538,ก็เพราะทุกเพลงไปเลยสิครับ😂,2025-04-08T14:36:42Z
1025,@3xlin_dzz,ฟังในยูทูปจบแล้ว เอาเข้าไอจีต่อได้เลยค่ะ,2025-04-08T14:36:11Z
1026,@คิดถึงปู่ชิว,รักพี่กิตรอคอนใหญ่,2025-04-08T14:35:30Z
1027,@AUT0B0TsPICK,เมโลดี้ ดีเหมือนเคย เพราะสุดๆ,2025-04-08T14:34:33Z
1028,@gxhp-w,ที่ผ่านมา หนูยังร้องไห้ให้เพลงวงพี่ไม่พออีกหรอคะ,2025-04-08T14:33:56Z
1029,@natthawutp-243,ใช่ เมื่อก่อนไม่เห็นจริงจังแบบนีี้เลย 😢,2025-04-08T14:33:48Z
1030,@ROMEO.Thailand-only,เจ็บที่สุด คือการที่เขาลืมเราไปแล้ว แต่เรายังไม่เคยลืมเขาได้เลย,2025-04-08T14:33:14Z
1031,@Champtk_145,ฟังแล้วน้ำตาจิไหลลลล...เพลงโคตรดีเลย 😄🥹👍🏻,2025-04-08T14:32:29Z
1032,@jaroonrotphokhonwongoffici2013,คนแรกครับ,2025-04-08T14:32:12Z
1033,@luckk_si,ไม่กล้าไปรักคนอื่นเลย,2025-04-08T14:29:50Z
1034,@ชรินญาอุทัยสา,🥺,2025-04-08T14:29:31Z
1035,@VARFeeling,"ผู้หญิงหน้าคล้าย
โชแชงในแฮร์รี่เลยนะ",2025-04-08T14:28:38Z
1036,@kritsadab.9463,จะให้เลิกอกหักได้ไงเนี่ย แต่ละเพลง,2025-04-08T14:28:17Z
1037,@armza1131,เพลงดี,2025-04-08T14:27:46Z
1038,@sirinyakiwpawan7116,จะร้องไห้ละ,2025-04-08T14:26:51Z
1039,@phasawee07,พูดกับตัวเองตลอด ว่าตั้งแต่เขาตัดสินใจไปจากเรา ผมเองยังยินดีกับเขาตลอด ถ้าอนาคตที่เขาเจอสิ่งที่ดีกว่าตอนมีผมอยุ่ แต่ตัวผมเองจะรอดูความสำเร็จของเขาเสมอ และถ้าผมกับเขายังใช่จริงๆ ผมขอให้เขากลับมาใช้ชีวิตด้วยกันอีก,2025-04-08T14:26:08Z
1040,@choiyoungjae3224,"ทั้งที่มันก็นานแล้ว
จบไปนานแล้ว 
แกมีคนใหม่แล้ว.......
แต่ทำไมตัวของฉันยังอยู่ที่เดิม....",2025-04-08T14:25:33Z
1041,@pandar15m27,"เปิดเพลงนี้ระวังตายนะครับ
ถ้าเปิดใกล้งูจงอาง🐍",2025-04-08T14:23:44Z
1042,@TimeOsatee,ยังไงเพลงนี้ก็ติดชาร์จมาแรง จากใจคนเลี้ยงงูเขียว,2025-04-08T14:22:59Z
1043,@Ineedyourself,ไอจีเลลลอออออ,2025-04-08T14:22:12Z
1044,@VARFeeling,MK ดีมากเลยครับ,2025-04-08T14:22:08Z
1045,@MBK-WOOT,"87,000 แล้วเร็วมาก",2025-04-08T14:21:01Z
1046,@blackguitar2028,คิดถึงเอ็มวีทมดแบบนี้มาก😭❤️,2025-04-08T14:19:29Z
1047,@ภัคนภัสส์พืชพันธุ์,ทั้งเพลง ทั้งMV ทั้งใจ❤,2025-04-08T14:15:22Z
1048,@WorapobNamkaeo-t4c,โครตดี100M ไปสวยๆ🎉❤,2025-04-08T14:14:17Z
1049,@ภูมิภาสศักดิ์ชัยมหาคุณ,เศร้าดีจัง😔,2025-04-08T14:14:10Z
1050,@Lpkg29,"เพลงรัก มีเพลงเดียวพอ

พวกมึง.... กินเหล้าเป็นเพื่อนกูด้วย   แต่ละเพลงชิพหายหัวใจหมด",2025-04-08T14:13:16Z
1051,@ivanzklom,พี่กิตจริงจังห์ไปหน่อยนะครับ 0:11,2025-04-08T14:13:06Z
1052,@Random-fg9mq,อยากรู้ชื่อนางเอกใน mv ครับคนนี้ร้องไห้อินสุดๆ,2025-04-08T14:12:51Z
1053,@CH-cp8fg,เพลงดีย์เกิ้นนนน,2025-04-08T14:12:32Z
1054,@พัชรพรจึงรุ่งเรืองชัย-ญ6ณ,ผู้หญิงเค้าพูดไรกับกิตหรอคับ,2025-04-08T14:12:18Z
1055,@kanitthanonsrikham7844,ก่อนล้าน❤❤❤,2025-04-08T14:11:25Z
1056,@ธัญลักษณ์พันนุกิจ-ข4บ,💙,2025-04-08T14:11:02Z
1057,@baraguzzzz8668,ฉันนั้นยังคงเก็บมันเอาไว้ ทุกทุกอย่าง 😭😭😭,2025-04-08T14:10:10Z
1058,@bomsofasofa5659,ตั้งแต่เพลงปล่อยออกมาจนถึงตอนนี้ ยังฟังไม่พักเลย,2025-04-08T14:09:32Z
1059,@oiltoey,ทำได้ดีมาตลอด TMD เก่งมากก❤️,2025-04-08T14:08:54Z
1060,@nontzaa6812,รักเก็บไว้ในใจพอ ให้เค้าไปเจอคนที่ซัพพอร์ทและดูแลเค้าได้เราก้อดีใจแล้ว🥺,2025-04-08T14:08:37Z
1061,@marctnc,❤,2025-04-08T14:08:24Z
1062,@pangpokebi230,กูคึมักแท้เพลงนี้,2025-04-08T14:07:41Z
1063,@PhoenixCocoX,คิดถึง ทมด แนวนี้เจ่บบบลึกถึงกระดองใจ,2025-04-08T14:06:23Z
1064,@Eakzztncs,ดีใจที่เห็นดนตรีเข้มข้นขึ้นเรื่อยๆ ไม่ผิดหวังเลยที่รอ ❤,2025-04-08T14:04:31Z
1065,@Ssspfeb,ขนตาหนูเปียกหมดแล้วค่ะ เพลงเศร้าต่อไปมาเลย!!😢,2025-04-08T14:04:16Z
1066,@chanel5746,ท่อนฮุคติดหู เหมือนบางเพลง ของทรีแมนดาว,2025-04-08T14:03:48Z
1067,@ธนดลต้องชู,เม้นก่อนล้านวิว🎉🎉🎉,2025-04-08T14:02:44Z
1068,@สุวิทย์โต๊ะหมัน,ฟังแล้ว เพราะมากๆคับ,2025-04-08T14:02:23Z
1069,@nightkiiz,"ที่ไม่เปิดใจไม่ใช่ว่าไม่อยากเริ่มต้นใหม่
แค่วันนี้ยังลืมเธอไม่ได้ มีความสุขให้สมกับที่เรายอมปล่อยเธอไปทั้งที่ยังรัก",2025-04-08T14:02:14Z
1070,@sormor065,เศร้าสุด,2025-04-08T14:00:49Z
1071,@พี่กริชเมืองลุง,"เชื่อมั้ย... ไม่ว่าเราจะเจอใครมามากมายสักแค่ไหน มันก็จะมีคนๆนึง ที่อยู่ในใจเสมอมาและยังคงอยู่ตลอดไป -((🤍

#พี่กริชเมืองลุง👨🏻",2025-04-08T14:00:41Z
1072,@ttortam,บีทแน่นมากเลย คนใส่หูฟังฟังคือหูเคลือบทองจริงมาก ฟังสดคงฟินสุดๆ🫠😭,2025-04-08T13:59:50Z
1073,@nattaphatzonought3231,ขอบคุณสำหรับเพลงดีๆ ที่ทำซึมไปอีกเดือน,2025-04-08T13:59:43Z
1074,@Scarlet1999,ฟังจบแล้วปล่อยเพลงใหม่ต่อได้55555,2025-04-08T13:58:49Z
1075,@วัทธิกรศรีคํา,ถ้ารักไครไม่ไหว#ก็กลับมารักตัวเองน้า❤,2025-04-08T13:57:55Z
1076,@ATK-Pm,สัสกิตแม่งเท่ว่ะ,2025-04-08T13:56:15Z
1077,@พลอยพลอย-ผ5ร,เพลงดีงับ,2025-04-08T13:55:23Z
1078,@EuphodipityS,เสียน้ำตาให้วงนี้ทุกครั้ง คุณภาพมากกก😭🫶✨,2025-04-08T13:53:10Z
1079,@ThanakranBoonchud,😊,2025-04-08T13:51:50Z
1080,@gamerblacklight1296,10M+ ต้องมาแน่ ดันๆๆๆๆ,2025-04-08T13:50:54Z
1081,@phuwanatmangkhalang2739,ซักซี้ดฉบับย่ิอ🫶,2025-04-08T13:50:06Z
1082,@DismonU2,ตรงชิบหาย,2025-04-08T13:49:19Z
1083,@อันนบ-ฤ7ฦ,ขอบคุณ TMD มากครับทุกๆเพลงที่ฟังทำให้ผมไม่เคยลืมหรือเลิกคิดถึงคนเก่าได้เลย,2025-04-08T13:48:26Z
1084,@supercomputer7499,ฟังวนไปครับ  เพราะทุกเพลง ,2025-04-08T13:48:19Z
1085,@lemonade4744,พี่โอมผมยาวขึ้นนะครับ //ผิด,2025-04-08T13:48:09Z
1086,@harryken_CFC,เพลงรัก รักที่เพิ่งเลิกไปไม่นานอะ🙂🖤,2025-04-08T13:47:23Z
1087,@nakaeng4691,ทำนองเพลงแนวนี้ โคตรคิดถึงเลยยยย,2025-04-08T13:46:50Z
1088,@fanggadnapa,ฉันนั้นยังคงเก็บมันเอาไว้ ทุกทุกอย่าง 😢,2025-04-08T13:46:09Z
1089,@กชามาศงามเขียว-ศ6ฃ,รักใครไม่ได้อีกเลย:‘(🩶,2025-04-08T13:45:14Z
1090,@chayakonlapthongtangcharoe3625,😭,2025-04-08T13:43:44Z
1091,@GameGamezy,นางเอกชื่อเป็ดป่ะครับเนี่ย5555,2025-04-08T13:43:23Z
1092,@boszm7567,โดนแบบตะโกนนน,2025-04-08T13:40:57Z
1093,@arpasarasaelo451,เธอคงคิดว่าฉันนั้นลืมไปแล้ว,2025-04-08T13:39:26Z
1094,@บังคนนั้น-ย6ฝ,พี่ Gim ชื่อนี้ Mv ดีๆทั้งนั้นเลย ❤,2025-04-08T13:39:09Z
1095,@doubleyou4960,ใครก็ได้มาสรุปเอ็มวีให้พ้มที ฮือออออ,2025-04-08T13:37:28Z
1096,@summer-x007,❤❤❤,2025-04-08T13:37:16Z
1097,@แม่บอกว่าสวยเรานี่เห็นด้วยอย่า,":คนหนึ่งหลุดพ้น
:อีกคนจมปรัก !!",2025-04-08T13:36:06Z
1098,@ZaiyZaiy-ds7zi,😢,2025-04-08T13:35:47Z
1099,@kittyumbs,"ผมลองต่อย ไอเต ในหัวมาแล้วกว่า 1,000 รอบ แต่ค้นพบว่าไม่ชนะ เลยมาต่อยใน MV แทน",2025-04-08T13:35:15Z
1100,@Khemi_cus,"“ทั้งที่มันก็นานแล้ว จบไปนานแล้ว
และที่ตรงนี้ ไม่มีใครแล้ว”",2025-04-08T13:35:11Z
1101,@Bom-c6r,เพลงไหม่มาได้ยังครับ เพลงนี้ฟังจบแล้ว,2025-04-08T13:34:04Z
1102,@peeranutchantra3000,ใึครเข้่่าใจ MV ช่วยอธิบายหน่อยครับ ผมงง 555555555,2025-04-08T13:33:33Z
1103,@pngasd2847,โดนจัดด,2025-04-08T13:32:48Z
1104,@AA-jg7ol,ออมเม้น,2025-04-08T13:31:57Z
1105,@alongkornsasutam8035,เพลงโคตรโดน ฟังแล้วเจ็บจี๊ดๆเลยพี่ รักพี่ๆ TMD เสมอนะคับบ💖💖💖,2025-04-08T13:31:26Z
1106,@BYTSqare,ไม่ใช่แค่เนื้อเพลงที่Brokeนะ เเต่คือ Mv ก็Brokeไม่เเพ้กัน โหหหหหหหหเช้ดดดโครตตตเจ็บ,2025-04-08T13:31:14Z
1107,@carrotannika,MVดีมาก เพลงก็ดี❤,2025-04-08T13:30:50Z
1108,@chaiyutsununtamongkol8575,ตั้งแต่นั้นมาก็ไม่กล้ารักใครเท่าเธออีกเลย!!!!,2025-04-08T13:30:07Z
1109,@hellzff9394,ชอบ MV ทุกๆเพลงของ Three Man Down มีคุณภาพทุกเพลง,2025-04-08T13:30:01Z
1110,@irondew6892,อยู่กับฟ้าแล้วรู้สึกเก่งขึ้นมาเลย,2025-04-08T13:29:57Z
1111,@OngChy,งงในงง ใครก็ได้สรุปที,2025-04-08T13:29:50Z
1112,@mackiethanawat,เพลงเพราะมากๆเลย พี่กิตสายควัญ,2025-04-08T13:29:18Z
1113,@ศุภโชคคิสาลัง,เพลงดีย์,2025-04-08T13:28:43Z
1114,@prtsmtk,"บอกแฟนว่าอยากไปดูคอนTMD แฟนถามว่าอกหักเหรอ
ก็ดูเพลงเค้าเศร้าบาดใจขนาดนี้",2025-04-08T13:27:41Z
1115,@pongsakornpoungpuk6265,Three man down วงแตก,2025-04-08T13:27:19Z
1116,@แม่บอกว่าสวยเรานี่เห็นด้วยอย่า,"ถ้ารู้ว่าการรักใครสักคน มันต้องทุกข์ทนอย่างนี้
ฉันก็คงไม่รักใคร แต่วันนี้มันก็คงจะสายไป
🥲🥲🥲🥲",2025-04-08T13:27:12Z
1117,@nanpp4073,❤❤❤,2025-04-08T13:27:01Z
1118,@iuyeowlsn,ซักซี้ด ทมด.ขั้นเทพมั่กกกกก,2025-04-08T13:25:18Z
1119,@PAILENGAME,เป็นหนึ่งในเอ็มวีที่ผมอยากเห็นหนัง มากๆ 😢 มันดูเรียลมากเลยครับ พี่พี่อยู่วงเดียวกันไม่อยากให้เกิดแบบนี้ขึ้นเลยจริงๆ 😅 มันเป็นเรื่องที่แย่มากๆเลย ชอบ MV นี้มากๆครับ,2025-04-08T13:24:56Z
1120,@iuyeowlsn,3:21 อย่าหยุมกานนนนนน,2025-04-08T13:24:49Z
1121,@DoIsxm-v2x,เม้นไว้ก่อน 100M+,2025-04-08T13:23:32Z
1122,@THELIRBRARYPHITSANULOK,ตีกันขนาดนี้ วงจะแตกจะแยกวงกันไหมครับ ,2025-04-08T13:23:32Z
1123,@agitoz99,อ่อ เก้ทละ ทำไมเพลงก่อนหน้านี้ถึงบอกว่า เพลงรัก มีแค่เพลงเดียวพอ เพราะที่เหลือต่อจากนี้จะเป็นเพลงเศร้าหมดละ เอาน้ำตาของผมไปเถอะพี่ๆ,2025-04-08T13:22:53Z
1124,@Au_utada,Flash back เกินทำให้นึกวงตอนทำเพลงช่วงแรกเลย 🤍,2025-04-08T13:22:43Z
1125,@ธนัชชาอุทัยธรรม-ฉ6ฮ,"นับต่อจากนี้ ไม่รู้ว่าอีกนานแค่ไหน
กว่าที่ฉัน จะกล้าไปเริ่มใหม่",2025-04-08T13:21:09Z
1126,@งอม-ษ1บ,คิดถึงแฟนเก่าคนแรก,2025-04-08T13:20:03Z
1127,@พิชญาภรนิธิศนฤมล-ฉ4ช,ใครก็ได้ที่สะดวกช่วยสรุปMV ให้ผมเข้าใจได้มั้ยครับ ขอบคุณครับ ผมดูแล้วยังงงๆ,2025-04-08T13:19:53Z
1128,@อ่านชื่อ19,ร้องไห้หนักกว่าเพลงเดิมอีกทีนี้😢😢😢,2025-04-08T13:19:14Z
1129,@freetimeok2398,เย้ๆๆๆ เพลงใหม่❤❤,2025-04-08T13:19:05Z
1130,@UNICORN-k3b,😭😭😭,2025-04-08T13:18:20Z
1131,@chawawin,ถ้าแกไม่รักกัน ก็ช่วยทำให้เราเลิกรักแกได้มั้ย เราจะได้ไปเริ่มต้นใหม่สักที,2025-04-08T13:18:17Z
1132,@ozthfirst7796,ถ้าผมพาแฟนไปฟังTMDนะ จบเพลงรัก กูกลับเลย 555 จบคอนมีทะเลาะแน่กูว่า,2025-04-08T13:18:11Z
1133,@sutthidawongthongdee5753,เพลงนี้ร้องไห้แล้ว เพลงหน้าขอร้องไห้อีกนะคะ😭,2025-04-08T13:15:04Z
1134,@itprider7301,ลองแล้วจริงๆว่ะ ไม่ใช่ว่า Move on ไม่ได้เพราะลืมเธอไม่ได้ แต่รักเธอจริงๆว่ะ..ที่รัก❤😢,2025-04-08T13:12:36Z
1135,@cop979,"ผมชอบท่อนนี้มาก ""จริงจังห์""",2025-04-08T13:12:26Z
1136,@msaberkk,--,2025-04-08T13:12:00Z
1137,@Chillday-Mikeky,"""ถ้าคนตรงหน้าไม่ใช่...
""คนในใจมันจะยิ่งชัดเจนครับ"" #zea",2025-04-08T13:11:05Z
1138,@ksalive7982,สุดท้ายผู้หญิงตาย ผู้ชายสองคนก็ไปเริ่มใหม่ (ด้วยกัน),2025-04-08T13:11:05Z
1139,@สุรศักดิ์มั่นคง-ฮ2ษ,กรี้ดดดดดดด ผมเต็มๆ,2025-04-08T13:10:19Z
1140,@saichoninthisen704,ถึงเธอ: ที่เรียนมอเอเชีย ทำไมเราไม่เจอเธอในเวอร์ชั่นที่ดีทำไมไปทำเวอร์ชั่นนั้นกับคนนั้น เราฝังใจมากเลยนะ,2025-04-08T13:10:08Z
1141,@MS.GREY_27,เพลงดีย์อีกแล้ววววววว แงงงงง~~~~~😢😢😢❤❤,2025-04-08T13:09:16Z
1142,@graf-j9l,คิดถึงคน 2021 😂,2025-04-08T13:08:21Z
1143,@03น้ําฝนสุขหมั่น,ไม่เคยทำให้ผิดหวังเลย,2025-04-08T13:07:57Z
1144,@ChainarongSophan,ขนลุกครับปล่อยเพลงต่อได้เลยครับ,2025-04-08T13:07:45Z
1145,@sirisirisiriz1070,ลองแล้วเหมือนกัน เราคิดถึงเทอเหมือนเดิม,2025-04-08T13:07:34Z
1146,@น้องบิ้งค์41,ไม่กล้าเริ่มต้นใหม่ ไม่กล้ารักใครอีกเลย นอกจากเธอ😢🖤,2025-04-08T13:06:58Z
1147,@ยําบําขไข,นักร้อง ชอบมือกลอง  มือกลองหึง นักร้องกับมือเบส เศร้า,2025-04-08T13:06:08Z
1148,@augustx1864,ใครจะไปลืมคุณได้ ในเมื่ออยากจะคุยกับใครก็ตามหาคุณในทุกคนที่เข้ามา แค่เห็นคุณจะไปเริ่มใหม่กับคนใหม่ทั้งๆที่บอกยังตัดใจจากเราไม่ได้เมื่อไม่กี่วันก่อนมันทำให้เราเจ็บมากๆ เราจมอยู่กับความคิดถึงคุณ ความรู้สึกผิดต่อสิ่งที่ทำ ความทรงจำดีๆที่มีร่วมกัน มันมีแค่คุณมาตั้งแต่แรกจนเราเลิกกัน แต่ถามว่าเลิกกันจะลืมคุณหรอ เปล่าเลยค่ะ ถ้าการลืมคนๆนึงมันง่ายขนาดนั้น เราคงตัดใจตั้งแต่โดนบอกเลิกแล้วค่ะ คุณเป็นบทเรียนที่เข้ามาสอนว่าความบกพร่องที่มีในตัวเองมันทำให้เสียคุณไป และถึงแม้จะไม่ได้รับโอกาสจากคุณอีกแล้ว คุณให้เค้าไปเจอคนที่ดีๆ ก็อยากจะบอกว่าคงจะเริ่มใหม่กับใครไม่ได้จริงๆค่ะ มีแต่คุณอยู่ทุกพื้นที่ในหัวใจ เค้ามูฟออนไม่เก่งเท่าคุณ แต่เค้าจะมูฟเพื่อให้เค้าเป็นคนที่ดีขึ้นเผื่อวันนึงคุณจะอยากกลับมาหาเค้า เขาคงนั้นคงไม่มาอ่านหรอกค่ะ แต่ถ้าคนที่มาอ่านเราอยากให้คุณสู้ๆค่ะ เวลาจะช่วยเยียวยาเองค่ะ แต่จะใช้เวลานานขนาดไหนไม่มีใครรู้เลยค่ะ เพราะเรายังทำไม่ได้,2025-04-08T13:05:30Z
1149,@JackalRon,แม่ง โดนเส้นเลย ทั้งMV ทั้งเนื้อเพลง,2025-04-08T13:05:22Z
1150,@vanahome,สุดท้ายทุกความสัมพันธ์ตอนจบก็เหลือแค่ความจดจำ ที่ไม่สามารถลืมได้เลย….,2025-04-08T13:04:16Z
1151,@gizxdengflas,ฟังจบแล้วปล่อยต่อเรยยย,2025-04-08T13:04:02Z
1152,@beerworen576,✌✌✌,2025-04-08T13:03:32Z
1153,@JN-dn4gt,ยังไม่ทันร้องเพลงเลยค่ะ ร้องไห้ก่อน,2025-04-08T13:03:08Z
1154,@James_Surat,เพราะมากกกกกก,2025-04-08T13:02:24Z
1155,@timezone8403,คนนึงมูฟออนไปเจอคนใหม่ ส่วนเราลองแล้ว มันรักใครไม่ไหวจริงๆ #กิ๊ก,2025-04-08T13:02:07Z
1156,@nnate-bf7fj,❤❤❤❤❤,2025-04-08T13:01:56Z
1157,@ppzzlity223,เรื่องนี้จะไม่เกิดเลยถ้ามือเบสยังเป็นพี่โอม5555555,2025-04-08T13:01:14Z
1158,@itwitw9902,โดนเส้นโดนใจ,2025-04-08T13:01:07Z
1159,@freeyoutube-b9l,โดนอีกแล้วครับท่าน,2025-04-08T13:01:05Z
1160,@AtittiyaCh,เย่ ปล่อยเพลงใหม่ต่อได้เลยย,2025-04-08T13:00:41Z
1161,@Nx_ngtarn,กิต : กูไม่ได้รักเค้าเลยเว้ย กูรักมึงเต!,2025-04-08T12:59:45Z
1162,@yaru3606,เพลงดีอีกแล้ว❤❤😊,2025-04-08T12:59:44Z
1163,@pípkraken,3:16 อยากทราบว่าพี่เขายังรักกันดีเหมือนเดิมไหมครับ ต่อยจริงจังมากอ่ะ,2025-04-08T12:59:32Z
1164,@Worachot_Neawmuaeng,มือเบสใหม่ด้วยหรอครับพึ่งรู้วววว,2025-04-08T12:58:24Z
1165,@BossWorapod,"""รักใครไม่ไหว ยังมีแค่เธอ ยังมีเพียงเธอ คนเดียวในหัวใจ"" 😢",2025-04-08T12:57:54Z
1166,@รุ่งจรัญนิลเกษ-ร1น,ฟังจบแล้ว ปล่อยเพลงใหม่ได้เลยห้ะ,2025-04-08T12:57:34Z
1167,@Sitthiphong_61,ลองแล้ว แต่ไปได้ไม่ไกลเลย 😂,2025-04-08T12:57:09Z
1168,@key.slots.8870,นึกถึงหนังเรื่องนึงเลยสมัยเด็ก (กูชอบเอิร์นนนน!!) 🤭🤭 เพลงดีจ้าดดดดดด!,2025-04-08T12:56:22Z
1169,@ThailandLakorn,Nyiapin mental buat nonton nih mv😊,2025-04-08T12:56:01Z
1170,@bathty9378,รักสามเศร้า เราเจ็บตลอด😢,2025-04-08T12:54:55Z
1171,@soeursjinniiz131,"ทำมาเพื่อร้องตาม ❌
ทำมาเพื่อร้องไห้ ✅🥺",2025-04-08T12:54:12Z
1172,@wesleywalter7086,ทั้งที่มันก็นานแล้ว 😂🎉,2025-04-08T12:54:07Z
1173,@abckinthemiddle,"""It's better to have loved and lost than never to have loved at all""",2025-04-08T12:53:47Z
1174,@28nanmanatpingkaew89,ทัน1ชั่วโมง🎉❤,2025-04-08T12:52:41Z
1175,@Dada-nb3qp,ชอบมากกกก,2025-04-08T12:52:27Z
1176,@woraphongthipsotr2826,เพลงไหนๆ ก็กินใจทุกเพลงเลย,2025-04-08T12:52:18Z
1177,@tryawakechannel,ฟังจบเเล้วปล่อยเพลงใหม่ต่อเลยครับ,2025-04-08T12:52:08Z
1178,@Murayamaxd,ความรู้สึกMVเป็นวงดนตรีแบบนี้ คิดถึงSuckSeed เลย❤,2025-04-08T12:51:04Z
1179,@nitisnixk,ไม่มีใครแทนที่เธอได้เลย🥲,2025-04-08T12:47:48Z
1180,@WtWaem,"“นับต่อจากนี้ ไม่รู้ว่าอีกนานแค่ไหน
กว่าที่ฉัน จะกล้าไปเริ่มใหม่“
จุกดีนะ เขาเริ่มใหม่ไปก่อนเราตั้งนานแล้วด้วยซ้ำ",2025-04-08T12:46:23Z
1181,@ward2-h3z,พี่กิตเป็นคนขับรถชนผู้หญิงเหรอ  เรื่อบจบคือผญตุย พี่กิตกับพี่เต้รักกัน,2025-04-08T12:46:12Z
1182,@PitukSawangnok,"กลัวว่าเค้ามองกลับมา
แล้วจะไม่เจอเรา🤍",2025-04-08T12:44:01Z
1183,@abckinthemiddle,MV story kinda feels like suckseed without the accident 🥲😂,2025-04-08T12:42:53Z
1184,@taecoo827,เหมือนจะดีแต่ก็แค่เหมือน  เธอเลือกเขาไม่ได้เลือกฉัน,2025-04-08T12:42:27Z
1185,@lor102,International fan here!! Hope to see them when I come to Thailand next week for songkran!!! Love from the USA!!!,2025-04-08T12:42:08Z
1186,@xSwlazy,อีก 3 ปีเดะกลับมาฟังใหม่,2025-04-08T12:41:34Z
1187,@แกร๊ปจ้วดโคราช,ทันค้าบ,2025-04-08T12:41:26Z
1188,@paeafcath2442,เพลงดีมากกกกก เลยพี่่พพพ,2025-04-08T12:41:18Z
1189,@Sxph4nut,ลงไอจีดันๆ!!!,2025-04-08T12:40:05Z
1190,@calmdown1766,คืนนี้เล่น ragnarok ไหมครับ,2025-04-08T12:40:00Z
1191,@yeanhub,เขาบอกว่า จะลืมเขาได้ก็ต่อเมื่อเราเจอคนที่ดีกว่าเขา เราก็เจอแหละคนดีกว่าเธอ แต่เราไม่ได้อยากเจอคนที่ดีกว่าไง เราอยากเจอแค่เธอคนเดียว 🙂,2025-04-08T12:39:04Z
1192,@cornaetodo4972,#sparkraps🤍,2025-04-08T12:38:57Z
1193,@taecoo827,วงโปรดออกเพลงเเล่ว❤,2025-04-08T12:37:38Z
1194,@PattiyaPNoMirin,ฟังจบแล้วปล่อยใหม่ได้ค่า😂😅,2025-04-08T12:37:09Z
1195,@PGwwp,รักทรีแมนดาวไม่ไหว,2025-04-08T12:36:49Z
1196,@folkzaxth6318,"Mvสื่อถึงอารมณ์มากครับ😢
สุดทุกเพลงครับวงนี้🫶",2025-04-08T12:36:05Z
1197,@khomdaech2,ก่อนแสนวิวครับ-*-,2025-04-08T12:35:44Z
1198,@ยองๆชัก,"เธอคงคิดว่าฉันนั้นลืมไปแล้ว
และเธอคงไม่รับรู้เลยใช่ไหม
ว่าฉันนั้นยังคงเก็บมันเอาไว้ ทุกทุกอย่าง🥲",2025-04-08T12:35:22Z
1199,@nonbadx6512,ออกเพลงมาให้ร้องตามหรือร้องไห้ครับนี่🥺,2025-04-08T12:35:20Z
1200,@galopkubo,วงเดียวกันใจเย็นๆนะครับ ต่อยได้ต่อยเลย,2025-04-08T12:35:06Z
1201,@bookjiradet7011,2025 ใครยังฟังอยู่บ้างทางนี้เลย👋👋,2025-04-08T12:35:00Z
1202,@heartgamer188,เพลงดีอีกแล้วเพลงนี้บอกเลย👍🏻👏🏻😊,2025-04-08T12:34:53Z
1203,@KrisSky777,พี่ตูนแม่งจีเนียสว่ะ เนื้อร้องแต่ละท่อนบาดใจชิบหาย,2025-04-08T12:34:44Z
1204,@THEMARK4519,🥲🥲🥲🥲💯🔥,2025-04-08T12:34:33Z
1205,@pastplayers26,ทั้งที่ลืมความรู้สึกแบบนี้ไปตั้งนานแล้ว ความรู้สึกที่เจ็บปวดที่เรารักใครสักคนมากๆ  แล้วต้องผิดหวังกับมันจนไม่กล้าไปเริ่มต้นใหม่แล้วไม่รู้ต้องใช้เวลาลืมมัน นานแค่ไหน ก็ลืมไม่ได้ มันเจ็บปวดมากแค่ไหน เพลงนี้ ดึงอารมณ์ตรงนั้นได้ดีเลยนะ น่าจะต้องฟังสักร้อยรอบได้เลยละ555,2025-04-08T12:34:17Z
1206,@patpat8116,กฎการฟังเพลง ห้ามไปฟังเพลงใกล้งูจงอางง,2025-04-08T12:33:42Z
1207,@courage2317,❤❤❤❤,2025-04-08T12:32:37Z
1208,@The_Primp,จบไปนานแล้วนะ😢,2025-04-08T12:31:48Z
1209,@HappyyaiGo,❤,2025-04-08T12:31:36Z
1210,@ผมนัทนะครับ-ฆ7ผ,😢,2025-04-08T12:30:59Z
1211,@auwatcharapol9690,นอกจากเพลงจะดีมากแล้วพี่ๆยังเล่นเอ็มวีได้โคตรอินตอนจบคือเศร้าเกินอ่าา,2025-04-08T12:30:55Z
1212,@phetoppo8095,เพลงต่อไปมาเลยค่ะ,2025-04-08T12:30:43Z
1213,@moojoe100,เพลงนี้ เอาอยู่,2025-04-08T12:30:26Z
1214,@wipadaood3466,เพลงเกี่ยวกับ เข้าใจเพื่อนผิดคิดว่าเพื่อนชอบคนที่ตัวเองชอบปะ ??? ไม่รู้นะมั่วเอา😂🤣😅😆,2025-04-08T12:29:52Z
1215,@นิวกิตตินันทน์ศิลปวิวัฒน์,สรุปนางเอกชอบใคร😅,2025-04-08T12:29:36Z
1216,@Cxn_012,0:34 ถ้าความลับไม่มีในโลก งั้นความลับเราคือ เราเอาทุกคนมาแทนที่เทอ.🙁,2025-04-08T12:28:31Z
1217,@puvin2538,ผู้หญิงทำให้วงแตกมาหลายวงแล้ว,2025-04-08T12:28:10Z
1218,@Poonyapatc,พี่เตเสียงสดตาดนะครับ 5555555,2025-04-08T12:27:50Z
1219,@ArBung-x2m,ไม่กล้าไปเริ่มใหม่เหตุการณ์ในอดีตยังฝังใจ😢,2025-04-08T12:27:27Z
1220,@xilemz9425,100ล้านวิวๆ,2025-04-08T12:27:20Z
1221,@nongMoo115,ต่อยสวยครับ,2025-04-08T12:27:19Z
1222,@ThePerfectDoublePe,แล้วผู้หญิงตัวเล็กๆ จะอยู่ยังไงคะพี่ทำเพลงแบบนี้ 😭,2025-04-08T12:26:29Z
1223,@apichet4247,เป็นคนเข้าดูที่ 17662    ยอดดูน่าจะเกิน100M. เพลงฟังเพราะมาก,2025-04-08T12:26:12Z
1224,@khunque,ไอพ่ก part rhythm มันมองตาก็รู้ใจป่ะะ555555,2025-04-08T12:26:06Z
1225,@etalemoh,ฟังแล้วอยากร้อง 😢,2025-04-08T12:25:31Z
1226,@mildjita,:-))),2025-04-08T12:25:27Z
1227,@thawatchai16,ซื้อออออออ  😊,2025-04-08T12:24:57Z
1228,@เสือน้อยร้อยรัก-จ3บ,สิ่งที่ยากกว่าการยอมรับความจริง คือการลืมทุกสิ่งที่เคยผ่านมา.,2025-04-08T12:24:22Z
1229,@Pitop-e1x,ใครชอบเพลงนี้แสดงตัวเลย ชอบม๊ากก,2025-04-08T12:24:17Z
1230,@nnuchycharoenmin7460,รักมากกกกก ทรีแมนดาว กับ ทิลลีเบิร์ด ❤️❤️❤️,2025-04-08T12:24:13Z
1231,@pinnapank1825,❤❤🎉,2025-04-08T12:23:59Z
1232,@OHMNANON-fg4hq,ชอบมาก เพราะสุดๆ🩷,2025-04-08T12:23:18Z
1233,@wrywry-x7l,เป็ด คุ้ง เอิร์น,2025-04-08T12:21:52Z
1234,@krit4679,ปล่อยเพลงเข้ากับชีวิตผมในตอนนี้มากเลย,2025-04-08T12:21:49Z
1235,@winerishappytmd,เพราะฉันยังคงเก็บมันเอาไว้ ทุกๆ อย่างเลย 💜,2025-04-08T12:21:47Z
1236,@chaturathep2792,ปล่อยเพลงต่อไปเลยครับ ฟังเพลงนี้จบแล้ว,2025-04-08T12:19:22Z
1237,@martinluis9232,ไม่รู้ว่าพ่อนีโม่แกไปเอาไอเดียมาจากไหนเยอะแยะในการแต่งแต่ละเพลง ทุกเพลงของพี่แกแม่งกินไก่สึดดด,2025-04-08T12:18:43Z
1238,@npi1975,คิดถึงเพลงแนวนี้ ❤❤,2025-04-08T12:18:29Z
1239,@ชลธิชานิยมไทย-ซ6ถ,วงนี้เกิดมาเพื่อเรามากค่ะ 🥹,2025-04-08T12:18:10Z
1240,@lookpokiil1885,ทั้งที่มันก็นานแล้ว จบไปนานแล้ว 😢,2025-04-08T12:17:51Z
1241,@BaiiBonz_CHANNEL,เพลงเพราะ100% นางเอกMV น่ารัก200%,2025-04-08T12:17:50Z
1242,@SudaratSukpeng,❤,2025-04-08T12:17:40Z
1243,@77583636,จังหวะชุนละมุน ขอโทรหาคนเก่าแป๊ปนะคะ,2025-04-08T12:17:20Z
1244,@ไรเดอร์รีวิว-RiderReview,เธอคิดว่าเรานั้นลืมเธอไปแล้ว แต่ความเป็นจริงคือยังไม่ลืมเลย ยังจำได้ทุกอย่าง และยังไม่สามารถเริ่มต้นใหม่กับใครได้เลย,2025-04-08T12:16:24Z
1245,@INFINIX5153,"เธอบอกให้เราเจอคนที่ดีกว่า แต่เราไม่ได้อยากได้คนอื่นอะ
เราอยากอยู่กับเธอต่างหาก",2025-04-08T12:16:21Z
1246,@acw02,ก่อน1M❤,2025-04-08T12:16:18Z
1247,@oamsryx4396,😢,2025-04-08T12:16:03Z
1248,@niabrachata1288,เอาเรื่องมาก,2025-04-08T12:15:31Z
1249,@suriya9433,ถ้าเรารู้ว่าเรารักแกแล้วต้องมาเจ็บพอเลิกก็กลับคิดถึงแกอีกทั้งที่แกลืมเราไปแต่เเรกแล้วและไปเริ้มต้นใหม่แล้ว ถ้าเรารู้ว่ารักแล้วต้องเป็นงี้คงไม่อยากรับรู้หรืออยากมีแกแต่แรกหลอก💔🥲,2025-04-08T12:15:27Z
1250,@SURRSEN,0:11 จริงจังห์,2025-04-08T12:14:42Z
1251,@rathtakrit,อย่าพึ่งทะเลาะกันครับ เดี๋ยวไม่มีเพลงฟัง,2025-04-08T12:14:34Z
1252,@Earth.gammer,ก่อนล้านวิว😘,2025-04-08T12:14:04Z
1253,@N.entertainment-c2p,โคตรดีย์❤,2025-04-08T12:14:00Z
1254,@try12fds,ไม่ขอรักใครอีกแล้ว.ความรักค่อไปนี้มีให้แค่ตัวเองพอ.รักตัวเองไม่เจ็บเลย,2025-04-08T12:13:52Z
1255,@AtitayaKuhapong,เราขอเรียกร้อง behind the song และ behind the scene เพลงนี้ค่ะ อยากเห็นเบื้องหลังการทำเพลง และที่มาของ mvด้วย ขอให้มีเถอะ😢😅,2025-04-08T12:13:47Z
1256,@Fxang.w,ชอบท่อนที่ “ ทั้งที่มันก็นานเเล้วจบไปนานเเล้ว เเละที่ตรงนี้ไม่มีใครเเล้ว “ เเต่ทำไมตัวของฉันถึงไม่กล้าไปรักคนอื่นเลย” 🖤,2025-04-08T12:12:32Z
1257,@เอกภัทรสังข์แก้ว,มือกลองชอบมือเบส มือเบสชอบนักร้อง นักร้องชอบมือกลอง แต่หึงมือกลองที่ชอบอยู่กับมือเบส เศร้าอ่ะ,2025-04-08T12:11:31Z
1258,@Mars1998s,ไม่ได้อยากได้สิ่งที่ดีกว่าไม่ได้ต้องการใคร อยากได้สิ่งเดิมกลับมามากกว่าเพราะสำหรับฉัน มันดีจริงๆ 🖤👤,2025-04-08T12:11:04Z
1259,@olivia8687,ของคุณสำหรับผลงานดี ๆ มาก ๆ นะคะะ,2025-04-08T12:10:45Z
1260,@mvntfuxw6333,เพลงใหม่ไม่แถมทิชชู่หรอคะ,2025-04-08T12:10:36Z
1261,@martinluis9232,อยากรู้แค่ พี่กิตกับพี่เตต่อยกันโดนมั้ย 😂😂😂,2025-04-08T12:10:30Z
1262,@23november21,รักแอมป์ ฐิมาพร,2025-04-08T12:10:23Z
1263,@misatangs916,ฟังจบแล้วค่ะ จัดคอนเสิร์ตใหญ่ที่ราชมังได้เลย,2025-04-08T12:10:07Z
1264,@getlightyear,ขอให้คุณยังยิ้มได้ และมีกำลังใจในทุกๆวัน : ),2025-04-08T12:09:55Z
1265,@Dream-ql3oc,ก่อนล้านนนนนนนนนนนนน,2025-04-08T12:09:42Z
1266,@non_na,ยังมีเพียงเธอ🥲,2025-04-08T12:09:11Z
1267,@octenmax3532,กิตร้องเพลงต่อไปนะ ส่วนผมจะร้องไห้เอง 😢,2025-04-08T12:09:05Z
1268,@แคร์คนที่แคร์,🖤,2025-04-08T12:09:03Z
1269,@MTSRWO,ติดหูกุอีกแล้วว่ะ,2025-04-08T12:08:29Z
1270,@imnal-e9d,ชาวเมืองมีน้ำตาพร้อมกันทั่วประเทศ😢,2025-04-08T12:08:25Z
1271,@thxrattasat5555,"ชอบท่อนนี้มากเลย
ถ้ารู้ว่าการรักใครสักคน มันต้องทุกข์ทนอย่างนี้ ฉันก็คงไม่รักใคร :)",2025-04-08T12:08:06Z
1272,@manruangsakk,เธอทำให้เราอยู่คนเดียวได้ดีขึ้น🪽🩵,2025-04-08T12:08:06Z
1273,@nineteenoct5106,ก่อน 100 ล้าน,2025-04-08T12:07:51Z
1274,@AnitSeubyisan,💕,2025-04-08T12:07:02Z
1275,@Nattn-r8t,งูจงอาง:ชอบเพลงนี้มากเลยครับ,2025-04-08T12:06:45Z
1276,@htered.7171,TMD แบบที่คิดถึงกลับมาแล้ว 😊😊,2025-04-08T12:06:31Z
1277,@SaepthaewaChannel,ซึ้งกินใจ,2025-04-08T12:06:22Z
1278,@May0ngn3s,โครตดีย์❤,2025-04-08T12:05:57Z
1279,@AgainAnd4Ever,โหหหหห รอบนี้ TMD เล่นแรงเกิน แค่เพลงก็เศร้าพออยู่แล้ว นี่เอาเรื่องเจ็บป่วยในชีวิตจริงมาใส่ใน MV ด้วยคือไม่ไหวค่ะ ร้องไห้หนักมากจนมองภาพในจอไม่ชัดเหมือนพี่กิตใน MV เลย 😭😭😭,2025-04-08T12:05:35Z
1280,@chanapat4530,โคตรดาร์ก,2025-04-08T12:04:54Z
1281,@KunakornDulyachat,เข้าใจเลยว่าการเลิกรักใครคนนึงมันยากมากนะ,2025-04-08T12:04:46Z
1282,@Realmaxnoy,1.6หมื่นวิว🎉,2025-04-08T12:04:39Z
1283,@Kitti_aon,ดีย์😢,2025-04-08T12:03:50Z
1284,@aununo,สงกรานต์ใครจะโจ๊ะจะเต้นอะไรเอาเลย ทรีแมนปล่อยเพลงเศร้าส่วนทุกค่ายไปเลย,2025-04-08T12:03:31Z
1285,@royucahje,ใจจะขาดแล้วพี่ชาย รองตามไม่ได้เลยร้องไห้ได้อยู่,2025-04-08T12:03:24Z
1286,@sikharinfaihinrong524,ลองเริ่มใหม่แล้ว แต่กลับมาที่เดิม😭,2025-04-08T12:03:13Z
1287,@iamarvy467,you never disappoint guysss 😭😭🙏🏻🙏🏻,2025-04-08T12:01:55Z
1288,@Maluesada13,🥹,2025-04-08T12:01:42Z
1289,@venus-fh4ze,เอาอีกละ ทรีแมนดาวนางเอกตุยอีกละ,2025-04-08T12:01:41Z
1290,@gojigame6314,เข้าปีที่10แล้วครับปีนี้ ตั้งแต่เจอกัน... 5555,2025-04-08T12:01:15Z
1291,@chskeyboard1782,พี่จะทำ MV ดีทุกเพลงเลยหรอ.. ของจริง !!!,2025-04-08T12:01:04Z
1292,@k-laxirn,ผมให้ 200mวิว,2025-04-08T12:01:02Z
1293,@Looknam_-uu2bq,หนวดน้ำนมน้อนกิตน่ารักมาก,2025-04-08T12:00:41Z
1294,@ddollydolly1730,อย่าตีกันนนนนน 😢,2025-04-08T12:00:39Z
1295,@MeenMN,ร้องไห้ ไม่รู้จะสงสารใครดี สงสารตัวเองก่อนเลย ฮือออออออ ปล.นางเอก mv น่ารักมากค่ะ ❤,2025-04-08T12:00:37Z
1296,@wmgtmdi9156,อย่าให้เวลากับสิ่งที่ทำให้เรารักตัวเองน้อยลง // 1 มาก่อน 2 แล้วทำไม 2 มีค่ามากกว่า 1,2025-04-08T12:00:34Z
1297,@mycity2690,ทุกครั้งที่ผมได้ฟังเพลงนี้ เธอคือคำมีสะมาโตมากๆขอให้สะมีทาวน์นะ😢,2025-04-08T12:00:11Z
1298,@khowjowwann539,antony,2025-04-08T12:00:03Z
1299,@multitintin7003,แฟนใหม่งานหนักอีกละ แต่ละเพลง 55555555,2025-04-08T11:59:48Z
1300,@hitler5338,อกหักอย่าเปิดฟังใกล้ งูจงอาง อันตรายมาก,2025-04-08T11:59:47Z
1301,@pataweepupae,Bentz&BM❤,2025-04-08T11:59:24Z
1302,@Sakamoto1-s1o,"6เดือนที่แล้ว เพลงรัก❤
วันนี้ รักใครไม่ไหว 😢",2025-04-08T11:59:23Z
1303,@bankpanz2499,วงที่เธอชอบปล่อยเพลงใหม่แล้วนะ☺️🩷,2025-04-08T11:59:17Z
1304,@firetiger1474,❤️‍🩹,2025-04-08T11:58:57Z
1305,@ปวีณาโมฆรัตน์-ฏ2ญ,ดีสุดๆ 😢❤,2025-04-08T11:58:56Z
1306,@มิ้นมิ้น-อ3อ,ชอบไอ้ตี๋ค่ะ,2025-04-08T11:57:44Z
1307,@ah1tawan,คิดถึงมาก ๆ เลย😢,2025-04-08T11:56:48Z
1308,@atta8638,มีเอนเครดิต เพลงต่อไปมาเลยย,2025-04-08T11:56:47Z
1309,@Quicksilverrrrr,ร้องไห้ตั้งแต่เริ่ม,2025-04-08T11:56:45Z
1310,@spkgamerCH,รอเธอที่เพลงนี้😁,2025-04-08T11:56:10Z
1311,@bawnamag-on4625,"เหมือนแต่งเพลงมาให้ผมเลยเห้อ
#รัก❤",2025-04-08T11:55:45Z
1312,@Ichawrock1331,❤❤,2025-04-08T11:55:37Z
1313,@aekkchai3242,ยังไม่ถึง2หมื่นวิว🖐️,2025-04-08T11:54:01Z
1314,@Rapunzellllllll,เจ็บแต่ต้องยอมจบ😭,2025-04-08T11:53:50Z
1315,@johnamino82,🎉🎉🎉🎉,2025-04-08T11:53:09Z
1316,@Tor_fr_lol,เพราะครับ ❤,2025-04-08T11:52:40Z
1317,@Duecncr,ปากบอกไม่เป็นไร แต่ใจไปไม่เป็นเลย :(,2025-04-08T11:51:55Z
1318,@พงศธรคงเพ็ชร-ล8ว,1ล้านไวๆๆ,2025-04-08T11:51:55Z
1319,@michaelmunro4897,"😢 another beautiful song from my musical geniuses...ขอบคุณครับ for everything, always... ❤🙏",2025-04-08T11:51:51Z
1320,@RCHannel,อันนี้ ต่อยกันจริง ป่าวครับ โทดๆ ผมอิน MV เกินไป,2025-04-08T11:51:44Z
1321,@Dragonite5934,ชื่อฟ้านี่ฮิตจริง😄,2025-04-08T11:51:11Z
1322,@borntobemyself8059,กำลังจะมูฟออนได้แล้ว ไม่น่ากดเข้ามาฟังเลย,2025-04-08T11:50:54Z
1323,@ProfessorOcean,"ผมเป็นคนหนึ่งที่ รักผญมากๆ ผญคนนั้นคนหนึ่ง พอได้ข่าวว่าเขามีแฟนแล้ว ผมเจ็บไหม เจ็บแต่ถ้าจุดนั้นเขา Happy มากๆผมยอมนะ มีตอนหนึ่งที่คุยกันว่าถ้าเจอคนที่ดีกว่านางก็อย่ามาจมอยู่กับนางเลยไปหาคนที่พร้อมรักเรากลับไหม ผมก็ไม่ไปไหนอยู่แล้ว
และแน่นอน ผมสารภาพรักกับเขามาแล้ว 7 ครั้งใน 3 ปี แล้วขอคบ ช่วงเทศกาลตลอด สมหวังไหม ก็ไม่ ผมก็คุยกันปกติกับนางต่อไปเรื่อย จนนางมาเมาท์ ให้ฟังว่า ชอบหนุ่มคนนู้นบ้างคนนี้บ้าง ให้ผมช่วยหาให้หน่อยว่า ผช ที่เขาแอบชอบโสดไหมบ้าง ชื่อไอจีอะไรบ้าง ผมก็ทำให้ก็หาให้อย่างยินดี และผมพอใจแล้วที่ได้รักคนแบบนางถึงจะไม่ได้สมหวัง แต่ต่อจากนี้ผมจะคอยดูแลนางต่อไปเรื่อยๆ ให้นางคิดว่ายังมีผมยืนอยู่ตรงนี้ และ ขอให้ทุกคนที่มาอ่าน สมหวังกันนะครับ",2025-04-08T11:50:52Z
1324,@naphatwalk4245,อยากให้ทำหนังสั้นเรื่องนี้เลยครับ เอ็มวีแค่5นาทีมันไม่พอจริงๆ,2025-04-08T11:50:52Z
1325,@slownset,อาจจะเป็นเพราะรักไม่ไหวแล้ว,2025-04-08T11:50:47Z
1326,@SssKskk-sn8lz,เพลงเพราะmvเศร้า แต่ใครมีวาปนางเอกมั้ยฮ้ะ,2025-04-08T11:49:59Z
1327,@flyingbirds7075,"Que increíble canción , es una nueva joya musical de Three Man Down, amo sus canciones. Éxitos.",2025-04-08T11:49:45Z
1328,@oshi9981,❤❤,2025-04-08T11:49:01Z
1329,@chanxd357,ฟังจบแล้วปล่อยเพลงใหม่ได้เลยครับ,2025-04-08T11:48:41Z
1330,@midnightshine1105,มันกินใจเกินไปมั้ยครับ ร้องไห้เลย T-T,2025-04-08T11:48:34Z
1331,@หนูเป็นแมว-ณ6ฎ,บ้างครั้งเพลงก็ไม่ได้มีไว้ให้ร้องตาม แต่มีไว้ให้ร้องไห้,2025-04-08T11:48:11Z
1332,@thanachop7397,หัวใจมีดวงเดียว จะแบ่งไปรักใครไหว คนเก่าจากไป เขาไม่ได้ไปแต่ตัว เขาเอาหัวใจเราไปด้วย,2025-04-08T11:47:45Z
1333,@anuchityb9731,บางคนบอกว่าการเวลาจะช่วยทุกอย่างแต่บางอย่างก็ยากเกินไป😢,2025-04-08T11:47:33Z
1334,@weas1892,พี่กิต vs พี่เต😂,2025-04-08T11:47:15Z
1335,@Ton21-Decem,การจบกันว่ายากแล้วแต่การห้ามใจไม่ให้คิดถึงยากมากเลยนะ 😢,2025-04-08T11:46:05Z
1336,@navaponboonyakhan3481,ซักซี้ด 2025,2025-04-08T11:45:54Z
1337,@ulysses6913,นางเอกยิ้มละลายเลยครับ,2025-04-08T11:45:21Z
1338,@onyx8927,จะมีคนใหม่ได้ไง ในเมื่อแกยังเป็นคนเดียวในใจเรา คนเดียวที่ดีที่สุดและรักมากที่สุด 😢,2025-04-08T11:45:01Z
1339,@นพปพลฤทธิโสม-ธ3ต,คิดถึงนะ โบว์,2025-04-08T11:44:29Z
1340,@stand-in2025,อย่าบอกว่าเธอร้ากกกกคนอื่นเล้ยยยย แฮร่!! คนละเพลง,2025-04-08T11:44:06Z
1341,@Tsukitomo114,"เพลงนี้เป็นเพลงที่ตรงที่สุดในชีวิตแล้ว 
เวลารักใครมันให้เค้าไปสุดเลย ไม่เคยเผื่อไว้เลย พอมาถึงตอนจบเป๋ไม่เป็นท่า พอจะลองรักตัวเอง เปิดใจให้คนใหม่ๆก็ไม่สนิทใจที่จะคบกับคนใหม่จริงๆ เพราะยังไม่สามารถลืมได้จริงๆ  สุดท้ายก็ไม่อยากทำร้ายคนอื่นด้วยการทำเหมือนเป็นตัวแทน แล้วก็กลับมาเศร้าเหมือนเดิมคนเดียว🥲",2025-04-08T11:43:41Z
1342,@arm_metha0018,🤍🙇🏻‍♂️,2025-04-08T11:43:38Z
1343,@sowhat6072,ชอบmv ค่ะ,2025-04-08T11:43:13Z
1344,@thananchaisunsri6649,ยังมีแค่เธอนะ 😢 ฉันจะเริ่มใหม่ยังไง,2025-04-08T11:43:11Z
1345,@nawaratsakultiansuang8212,"วงที่เราชอบ ปล่อยเพลงใหม่อีกแล้วนะ 
เศร้าจัง 🖤",2025-04-08T11:43:08Z
1346,@dxnkeybz,โอ้โห 😭,2025-04-08T11:42:51Z
1347,@ศิวัชผ่องราษี-ฐ9ฆ,ร้องเพลงอีกแล้วววคับบบ😢😢,2025-04-08T11:42:50Z
1348,@yanapatnoimuenwai2759,เพลงโคตรดี,2025-04-08T11:42:37Z
1349,@JNa_meun,ดีอีกเพลงค้าบบ ❤❤❤,2025-04-08T11:42:32Z
1350,@URL-s1j,❤❤❤,2025-04-08T11:42:28Z
1351,@SupakitKhunpiluk,ฟังจบแล้ว ปล่อยเพลงใหม่ได้🥰,2025-04-08T11:42:14Z
1352,@kinggodno1rz683,สวัสดีครับ พี่ๆThreemandown ผมเรียนอยู่นิวซีแลนด์ ตอนอยู่ไทยมีโอกาสดูพี่บ่อยมากแต่่พอตอนเริ่มทำอัลบั้ม3ผมไม่มีโอกาสดูวงพี่ๆแล้ว ผมคิดว่าถ้าอัลบั้ม3ออกน่าจะมีคอนใหญ่ ไม่ว่าจะยังไงผมจะไปดูคอนเสิร์ตใหญ่ครั้งที่2ของพวกคุณให้ได้ครับ ผมรอพวกคุณอยู่ที่ราชมังนะครับ🌃,2025-04-08T11:42:10Z
1353,@ThanakornMeechana,เต-กิต ใจเย็น555,2025-04-08T11:41:47Z
1354,@aeythy,วงใหม่เราโปรดเพลงปล่อยแล้ว,2025-04-08T11:41:43Z
1355,@mrmodivtv4079,เพราะมากเลยครับ😊😊❤❤,2025-04-08T11:41:35Z
1356,@beamkeb07,เพลงสุดมากครับ,2025-04-08T11:41:30Z
1357,@AmphonSukchaem-x7i,รักใครไม่ไหวแล้วเพราะMcCain ดีเพลงก็เพราะมากล้านวิวไปเลย🎉,2025-04-08T11:41:03Z
1358,@ThanakornMeechana,ชีวิตจริงอย่าวงแตกแบบนี้นะ😂,2025-04-08T11:41:01Z
1359,@Markeditor.,"เมษาเขาให้เล่นสงกรานต์
แต่ทรีแมนดาวน์เล่นกับน้ำตาอ่ะ 😢",2025-04-08T11:40:58Z
1360,@aeythy,จารตูนร้อยล้านวิวอีกแล้ว,2025-04-08T11:40:43Z
1361,@MalonSwift,มาแล้ว🎉,2025-04-08T11:40:32Z
1362,@Oumhipp,เมื่อไหร่จะได้ move on ดูแต่ล่ะเพลง,2025-04-08T11:40:29Z
1363,@meen_warissara,😭,2025-04-08T11:40:26Z
1364,@เบญญาภาบรรดาศักดิ์-ฉ5ฝ,🤍,2025-04-08T11:40:02Z
1365,@nxmmxn23,โคตรรรรรรเอา,2025-04-08T11:39:54Z
1366,@ThanakornMeechana,เชื่อเสมอว่าทรีแมนดาวที่ราชมังจะเกิดขึ้นในสักวัน,2025-04-08T11:39:53Z
1367,@jaynds,100 ล้าน,2025-04-08T11:39:28Z
1368,@mzala6800,เข้าไอจียังรออยู่,2025-04-08T11:39:15Z
1369,@Hallscoollnwza,"เพลงต่อไปต้องชื่อเพลงฟ้าแล้วแหละปู mv มาแบบนี้ ขอเดาไว้ก่อนถูกผิดไม่รู้ 
เพราะมีแผ่นdemoชื่อฟ้าอยู่ อาจจะเลอะเลือนหน่อย5555555",2025-04-08T11:39:04Z
1370,@marm0re9,เหมาะกับสงกรานมากเลยค่ะ มีน้ำตาประดับหน้า เปียกให้หมด,2025-04-08T11:38:55Z
1371,@ประสิทธิชัยแสงเพลิง,เพลงดีมากอะ😮,2025-04-08T11:38:55Z
1372,@fxng.fxam_,ฟังจบแล้ว ร้องไห้😢,2025-04-08T11:38:53Z
1373,@tunghv7605,ความรักไม่ได้หายไปไหน...แค่มันย้ายจากใจ ไปอยู่ในความทรงจำ ฮิฮิ้ววววว,2025-04-08T11:38:48Z
1374,@ajisai.xq00,ปล่อยเพลงใกล้สงกรานต์แบบนี้จะไปอยู่ใน Thai remix มั้ยคะ5555 แต่เพลงเพราะมากเลยค่ะ เสียงคือพาอินตามเลยทั้งที่ไม่ได้เศร้าหรืออะไร จุกในอกมาก ดีสุด ยกให้เป็นเพลงที่ฟังยังไงก็อินตามได้เลยค่ะ,2025-04-08T11:38:46Z
1375,@r.richhh,ลองแล้ว ลองใหม่ ลองอีกกี่ครั้ง จบด้วยรักใครไม่ไหว ~~😢,2025-04-08T11:38:40Z
1376,@nccom,เพลงเพราะมากครับ แต่ผู้กำกับเมื่อไหร่จะทำหนังงงงงง,2025-04-08T11:38:10Z
1377,@pongsapak586,รักเธอมาตลอดเกือบปี แต่เธอไม่เคยลืมคนเก่าได้เลย😊,2025-04-08T11:38:02Z
1378,@Panderrus,เดี๋ยวรอที่ราชมังนะ,2025-04-08T11:38:00Z
1379,@SomboonInmanee,ทันนน,2025-04-08T11:37:49Z
1380,@whaxnplxy9331,ขอบคุณthreemandownนะคะที่ไม่เคยทำให้ลืมแฟนเก่า,2025-04-08T11:37:46Z
1381,@p.tantisan,โคตรดีเลยพี่,2025-04-08T11:37:42Z
1382,@2123ภคพลถ,อกหักแล้วฟังเพลงเศร้าไม่ตายหรอกครับ ถ้าไม่อกหักใกล้งูจงอาง,2025-04-08T11:37:24Z
1383,@rattanachotthongpong129,กูจะไปรักใครไหว กูจะต้องเลือกทำไม ก็กูจริงจังมาตลอดเว้ย แต่ก็นั่นแหละ กูไม่มีสิทธิเลือกด้วยซ้ำ,2025-04-08T11:37:10Z
1384,@kai-dp3cg,"am i the only interfan here :(( anyways i cannot speak thai or write thai but i always enjoy your music !! this was a wonderful music, lyrics (that was translated) made me cry...and the ending was not what i was expecting.",2025-04-08T11:37:03Z
1385,@m.8280,ไม่กล้าไปเริ่มต้นใหม่กับใครเลย,2025-04-08T11:36:56Z
1386,@fxrm.mi.i,ชอบมาก,2025-04-08T11:36:40Z
1387,@BADBOY-vi1vg,ฟังจบแล้วครับต่อได้เลย,2025-04-08T11:36:34Z
1388,@krits_s,รู้สึกเหมือนจะมีเพลงต่อไปที่ต่อจากความรู้สึกนี้เลย,2025-04-08T11:36:03Z
1389,@kinggodno1rz683,ฟังจบแล้วปล่อยเพลงใหม่ได้เลยครับ,2025-04-08T11:35:57Z
1390,@garnmg351,ดูแล้วนึกถึง หนังซักซี๊ด ห่วยขั้นเทพเลย อารมณ์คล้ายๆกัน,2025-04-08T11:35:55Z
1391,@DogCat12123,ฟังจบแล้วครับเพลงต่อไปมา,2025-04-08T11:35:53Z
1392,@พิทยาถึงลาภ,ฟังจบเเล้วลงใหม่เลยค่ะะ,2025-04-08T11:35:51Z
1393,@timeiszero5186,"เพลงดีมากครับ ความหมายของเพลงดีมากครับมันซื่อๆและตรงๆกระแทกใจบวกกับพี่กิตร้องสื่ออารมณ์,ความรู้สึกและความหมายของเพลงออกมากระแทกใจมากครับแถมmvคือแสดงดีทุกคนครับสื่ออารมณ์สื่อความรู้สึกออกมาดีมากครับ ขอชื่นชมทุกคนที่เกี่ยวกับเพลงและmvเลยครับผมฟังและดูmvคือร้องไห้หนักมาก🥹🥲 ปล.mvทำออกมาพีคมากแถมจบปลายเปิดเหมือนมีภาคต่อเลยครับ",2025-04-08T11:35:34Z
1394,@Ststark-yj5co,Three man down ชื่อนี้ไม่มีเสีย เพราะทุกเพลงจริงๆ Respect,2025-04-08T11:35:34Z
1395,@onnicha2541,"เธอคงคิดว่าฉันนั้นลืมไปแล้ว
และเธอก็คงไม่รับรู้เลยใช่ไหม ว่าทั้งใจของฉันไม่กล้าไปเริ่มใหม่😢",2025-04-08T11:35:29Z
1396,@IndieBearr,❤,2025-04-08T11:35:28Z
1397,@girl-YYY,😟ดีมากกกกกก,2025-04-08T11:35:24Z
1398,@chnspopper7565,เพลงดังแน่ เพราะคนไทยคิดถึงคนเก่าเกินครึ่งประเทศ😂,2025-04-08T11:35:07Z
1399,@user-sz7ie8fq1j,เราคิดว่าเราผ่านมันมาได้แล้ว แต่สุดท้ายเรารักใครไม่ไหว เพราะเธอมันยังจมในความรู้สึก😭,2025-04-08T11:34:56Z
1400,@นิดยอดมนุ,จริงๆแล้วกิตชอบเตใช่ไหม,2025-04-08T11:34:42Z
1401,@Kissmas-n9y,เเต่ละเพลงของวงช่วงนี้คือไม่อยาก Move on เหรอรึยังไง😢😢,2025-04-08T11:34:29Z
1402,@nichapa.b,"ทำเพลงให้ร้องตาม ไม่❌
ทำเพลงให้ร้องไห้ ใช่✅😭",2025-04-08T11:33:52Z
1403,@kullaphatkdb1793,จบไปนานแล้วแต่ตัวของฉันยังไม่กล้าไปรักใครเลย🥲,2025-04-08T11:33:46Z
1404,@นายมานะครับบางวันก็ไม่มา,"ทั้งที่มันก็นานแล้ว จบไปนานแล้ว
และที่ตรงนี้ฉันยังไม่ลืมเธอ",2025-04-08T11:33:44Z
1405,@happybirthday478,ยังมีเพียงเทอคนเดียวในใจ,2025-04-08T11:33:39Z
1406,@ariscoco6099,08/04/2025 18.30 น.,2025-04-08T11:33:37Z
1407,@toranongkuntiya7911,ไม่กล้าไปรักคนอื่นเลย 🥲,2025-04-08T11:33:22Z
1408,@YoDNaZa-fv4oq,Mv ตรงกลับชีวิตผมเลยแฟนเสียเพราะรถชน😭😭😭,2025-04-08T11:33:04Z
1409,@Pongsakakesinerm,โคตรเพราะ โดนใจสุดๆ❤,2025-04-08T11:32:35Z
1410,@moharu_channel2260,ว่าแต่ กีตาร์พังมั้ยครับ โยนขนาดนั้น😂,2025-04-08T11:32:33Z
1411,@balaho1,โอ้ววววว,2025-04-08T11:32:16Z
1412,@moharu_channel2260,MV คือทำแบบจึ้งมากเลย ต้องวนฟังอีกรอบ ดูอีกรอบเลย เนื้อหาเพลงนี่คือตรงกับชีวิตมากเลย รักใครไม่ไหวเลยจริงๆ ไม่กล้าเริ่มต้นใหม่กับใครหรอก เพราะแกดีที่สุดในชีวิตเราแล้ว ถ้าเราไปเห็นภาพบาดตาบาดใจแบบนั้น มันยิ่งทรมานหัวใจ ยิ่งคนๆนั้นที่แกอยู่ใกล้คือเป็นเพื่อนของเรา แม่งโคตรหักหลังกันเลยจริงๆ อินมากเลยครับพี่ๆ กินใจสุดๆ ทิชชู่หมดไป 2 โหลแล้วครับ🩶 #threemandown #รักใครไม่ไหว,2025-04-08T11:31:57Z
1413,@PorscheAds.14,แค่แจ้งเตือนเข้าก็เพราะแล้วครับ,2025-04-08T11:31:49Z
1414,@4P-kh3dp,ชีวิตจริงอย่าทะเลาะกันแบบนี้นะ😂,2025-04-08T11:31:43Z
1415,@nanthita.y19,ได้กลิ่นความแมสสสส เพลงนี้มาแน่!!!! 🎉🎉,2025-04-08T11:30:59Z
1416,@natnichasawangthit1652,❤❤❤,2025-04-08T11:30:56Z
1417,@wat98989,❤❤❤,2025-04-08T11:30:43Z
1418,@Thatchai_i,เศร้ากินใจไตวายกันพอดี😢,2025-04-08T11:30:38Z
1419,@siankimcasier6946,ก็นะ,2025-04-08T11:29:47Z
1420,@knabbbbb,ฟังจบเเล้วปล่อยเพลงใหม่ได้เลยครับ😂😂,2025-04-08T11:29:40Z
1421,@catchuju,สงกรานต์สาดน้ำตา 😢,2025-04-08T11:29:27Z
1422,@Axpqizx,ปัก,2025-04-08T11:29:22Z
1423,@7j592,✌️💚,2025-04-08T11:29:12Z
1424,@AoneaSama,เพลงนี้เอาท็อปชาร์จไปเลย,2025-04-08T11:28:37Z
1425,@wang-ic5kw,อกหักทิป😢,2025-04-08T11:28:05Z
1426,@pw8609,ร้องตามได้แล้วค่ะ🥹🩷,2025-04-08T11:28:01Z
1427,@wichan02,ตรงกับความรู้สึกเกิน ร้องไห้ตายแบบนี้,2025-04-08T11:27:05Z
1428,@ShinobiShyman,💚,2025-04-08T11:27:05Z
1429,@RiwPhiraphatloedaudomdet,ฟังจบแล้วครับ ลงเพลงใหม่มาได้ครับ 🔥❤️,2025-04-08T11:26:56Z
1430,@fbfpdkfbxkdmbgxjjshhkdh0,"เธอคงคิดว่าฉันนั้นลืมไปแล้ว
และเธอคงไม่รับรู้เลยใช่ไหม
ว่าทั้งใจของฉัน...(ยังคงมีได้แต่เธอ)
#เขียนเนื้อเพลงแบบนิออกมาฆ่ากันชัดๆ T_T",2025-04-08T11:26:42Z
1431,@เบียร์อยากทํามอนเทจ,เห็นMVเพลงแล้วใจไม่ค่อยดี,2025-04-08T11:26:37Z
1432,@zzzwrs,โคตรจะเทส โคตรจะทรีแมนดาว,2025-04-08T11:26:30Z
1433,@auactart6656,Cocktail คือวงที่เพลงใหม่มาต้องดูทันที งั้นผมก็คงต้องทำแบบเดียวกันกับ three man down,2025-04-08T11:26:22Z
1434,@nnnttpppsssssss,ฟังจบแล้ว ปล่อยเพลงใหม่ได้,2025-04-08T11:26:04Z
1435,@aeythy,ปล่อยเพลงใหม่รัวๆแบบนี้ มีคอนใหญ่แน่ๆ,2025-04-08T11:25:59Z
1436,@CrYsIss16,ก็คงได้แต่คิดถึง 😅,2025-04-08T11:25:46Z
1437,@kanna0319X,ไม่ได้อยากให้กลับมาแต่ก็ไปรักใครไม่ไหวจริงๆ :-),2025-04-08T11:25:13Z
1438,@m78faga54,พึ่งมูฟออนได้ไม่กี่วัน สรุปมาเจอเพลงนี้ กลับเดี้ยงเหมือนเดิม,2025-04-08T11:25:03Z
1439,@onnicharasaelim8393,มันไม่มีใครอยากอยู่เพื่อเสียใจไปตลอดหรอก แต่มันแค่ไม่อยากเริ่มใหม่เท่านั้นเอง,2025-04-08T11:25:01Z
1440,@khiensyoutthachack8749,ທັນນນ,2025-04-08T11:24:52Z
1441,@kanyaratthaew1420,😢❤,2025-04-08T11:24:48Z
1442,@ittichaithongnoi5978,ได้เวลาเสร่อ ส่งไปให้คนเก่าา,2025-04-08T11:24:47Z
1443,@Mimilky1995,ดีทุกเพลง ❤,2025-04-08T11:24:30Z
1444,@chalermphong2000arttt,ฟังจบเเล้ว ปล่อยเพลงเศร้าอีกได้เลยครับ 🥲,2025-04-08T11:24:08Z
1445,@อาร์มมี่ที่รักส์,มันกำลังดีเลยใช่มั้ย😢,2025-04-08T11:24:07Z
1446,@jawch4295,เพราะมากครับ👏🏻👏🏻,2025-04-08T11:24:06Z
1447,@FuJiKa_Fame,😂,2025-04-08T11:24:02Z
1448,@xnxxan4571,ใครชอบใครนะ,2025-04-08T11:23:34Z
1449,@oilly3849,รักใครไม่ไหวขอนอนก่อนง่วง,2025-04-08T11:23:30Z
1450,@ลุงลิ้น-LoongLync,เพราะมาก ที่อินเดียวัยรุ่นเค้าฟังกัน 🎉🎉,2025-04-08T11:23:27Z
1451,@สมลาภรจนากร-อ6น,เพราะชิบหาย,2025-04-08T11:23:10Z
1452,@nutzthenutz4243,รักใครไม่ได้แล้วจริงๆ 5-6 ปี ที่ผ่านอะไรกันมามันลืมไม่ลงจริงๆ ยังจำทุกอย่าง จำได้ทุกที่ๆไปด้วยกัน พี่รักเธอนะฝน 🔒❤️🌧,2025-04-08T11:22:43Z
1453,@punpuntanapon6082,เพลงค่ตตรงเลยพรี่,2025-04-08T11:22:38Z
1454,@วรเมธสาดา-ช6ภ,ทรีเเมนดาวดีทุกเพลงจริงๆ ฟังเเล้วลงเพลงใหม่ได้เลยงับบบ,2025-04-08T11:22:28Z
1455,@aommejaa,20 นาทีคนดูหมื่นกว่า,2025-04-08T11:22:27Z
1456,@Patynya,"มาฟังเพลง❎️
มาอ่านคำคม✅️",2025-04-08T11:22:26Z
1457,@fameza0011,2568 ยังฟังอยู่❤,2025-04-08T11:22:20Z
1458,@porntipkeawpila247,"ทั้งที่มันก็นานแล้ว จบไปนานแล้ว
และที่ตรงนี้ ไม่มีใครแล้ว
แต่ทำไมตัวของฉัน

ถึงไม่กล้าไปรักคนอื่นเลย รักใครไม่ไหว
ยังมีแค่เธอ ยังมีเพียงเธอ คนเดียวในหัวใจ
นับต่อจากนี้ ไม่รู้ว่าอีกนานแค่ไหน
กว่าที่ฉัน จะกล้าไปเริ่มใหม่",2025-04-08T11:22:19Z
1459,@Kkxnyanx,ไม่เคยทำให้ผิดหวังเลยจริงๆ🫶🏻,2025-04-08T11:21:56Z
1460,@KitQcz,ชอบมากครับ,2025-04-08T11:21:55Z
1461,@cherlynnyl,พี่ตูนแต่งเพลงโคตรเก่งเลย ภูมิใจสุด ๆ เพลงดีทุกเพลงเลย❤,2025-04-08T11:21:54Z
1462,@ShaDow-hh2us,ความรู้สึกของผมตอนนี้ เพลงนี้อธิบายไปหมดทุกอย่างแล้ว😢,2025-04-08T11:21:48Z
1463,@weerapariyakumram4339,มันเจ็บสุดตรงที่เคยลองแล้วนี่แหละ แต่ก็ไม่มีใครสู้เธอได้เลย แล้วเราจะไปรักใครไหวได้ละ,2025-04-08T11:21:43Z
1464,@thanitparakull5477,Ep2ต้องเข้า555,2025-04-08T11:21:13Z
1465,@wanchaneesarthor352,"ลองแล้ว ฉันเคยลองเริ่มใหม่
เคยลองให้ใครเข้ามา เพื่อแทนที่ของเธอ
แต่ก็ไปไม่ไกล เหมือนว่าหัวใจของฉัน ยังคงมีแค่เธอ 
ทั้งเพลง ท่อนนี้แทนทุกคำพูดทุกความรู้สึกของคนๆนึงที่พยายามเปิดใจแต่ไม่มีใครแทนที่เขาได้เลย 🤍",2025-04-08T11:20:57Z
1466,@GOTXGOTZ,แล้วใครอยากเริ่มใหม่วะ 😢😢,2025-04-08T11:20:55Z
1467,@tituchsirikan.8112,เพลงจบแล้ว น้ำตาเมื่อไรจะหยุด,2025-04-08T11:20:50Z
1468,@Tripleace_7,ก่อน 1M,2025-04-08T11:20:49Z
1469,@SirawitSengmee,เพราะมากครับ,2025-04-08T11:20:26Z
1470,@Firszboy,ชอบซาวด์เพลงนี้มากครับ ละมุนตุ้นหุนมาก 🎧,2025-04-08T11:20:18Z
1471,@pattrawutkanjad6012,สุดอีกเพลง MV ก็สุดไปอีก และหยุดที่ทำให้คาใจ ปล่อยเพลงใหม่ ได้เลยครับบ,2025-04-08T11:20:12Z
1472,@2xxxt,ตรงทุกท่อน😣 ชอบเพลงนี้มาก,2025-04-08T11:20:12Z
1473,@Chachaaa888,“ คนเราจะมีคนนึงที่อยู่ในใจ...ต่อให้นานแค่ไหนก็จะไม่มีวันลืม ต่อให้มีใครเข้ามาให้รักมากมาย แต่แมร่งก็ยังเปนคนในใจตลอดไป”,2025-04-08T11:19:47Z
1474,@PRPHAT11,2028 ยังฟังเพลงนี้อยู่,2025-04-08T11:19:39Z
1475,@GTNZz,100ล้านวิว ต้องมีเพลงดีเพลงนี้😊,2025-04-08T11:19:06Z
1476,@Mkkkalksjd,😢😢ชอบมากกเศร้าไม่ไหว,2025-04-08T11:18:57Z
1477,@pw8609,มาแล้ววววว วงโปรดที่สุดในใจ🩷,2025-04-08T11:18:51Z
1478,@virponfluk,รอฟังร้านนะครับ🍺,2025-04-08T11:18:49Z
1479,@ขนมปังแตงโมน้ําปลาหวาน,เพลงนี้ไลค์เกิน2หมื่นแน่นอนครับจากใจคนที่ยังไม่กด,2025-04-08T11:18:37Z
1480,@naitaychannel638,เพราะตั้งแต่ชื่อวงแล้วค่ะ,2025-04-08T11:18:19Z
1481,@ปวีณาแผลงสูงเนิน-ส5พ,😅😅😢,2025-04-08T11:18:04Z
1482,@OaklandGame,ทุกวันนี้ผมยังไม่กล้าเปิดใจให้คนอื่นเลย เพราะผมยังลืมเขาไม่ได้เลย ในใจผมมีแต่เขาคนเดียวจริงๆ😢,2025-04-08T11:18:04Z
1483,@nothingjustmeowmeow104,แค่แจ้งเตือนก็เพราะแล้ว,2025-04-08T11:17:55Z
1484,@ปณิทานคุณเครือจันทึก,ที่เขาว่ากันว่า ทุกสิ่งที่เสียไป มักแทนที่ด้วยสิ่งที่ดีกว่า แล้วถ้ามันมีคนที่ดีกว่าเธอแล้วละ งั้นฉันคงต้องขออยู่คนเดียว ถึงมันจะแอบคิดถึงอยู่บ่อยๆ และแอบฝันมาเธอกลับมารักกัน..,2025-04-08T11:17:53Z
1485,@ตัวร้ายโรงทาน,Mv ดีอีกแล้ววว,2025-04-08T11:17:32Z
1486,@Linlinnn0307,รักใครไม่ไหวเลย,2025-04-08T11:17:32Z
1487,@sadedworddd,เรากลัวการเริ่มต้นใหม่ก็เพราะแกเลยนะ,2025-04-08T11:17:31Z
1488,@wiwiwanida_kt9789,🤟🤟🤟🤟,2025-04-08T11:17:27Z
1489,@Thanawant-y3w,รักใครไม่ไหว เพราะรักเเต่เเฟนเก่า,2025-04-08T11:16:57Z
1490,@Catcatt24,ทำไมเราถึงไม่กล้าไปรักคนอื่นเลย ทั้งที่เธอรักคนอื่นไปแล้ว,2025-04-08T11:16:47Z
1491,@SKYFOR_22,เพราะทุกเพลง 💕,2025-04-08T11:16:44Z
1492,@kannutthanun9289,ยังไม่กล้าไปรักคนอื่นเลย รักใครไม่ไหว❤️‍🩹,2025-04-08T11:16:37Z
1493,@FahsaiThongnil,ร้องตามได้แล้ว ร้องไห้ต่อ,2025-04-08T11:16:19Z
1494,@Sol4sss,"เพลงดี เอ็มวีถึง มีความเป็น
ญี่ปุ่นนิดๆ  และเหมือนมีภาคต่อ",2025-04-08T11:16:06Z
1495,@AelltyLove,❤️,2025-04-08T11:15:49Z
1496,@ammiegd,เธอคงคิดว่าฉันนั้นลืมไปแล้ว..,2025-04-08T11:15:47Z
1497,@nutisrael9268,ฟังจบแล้วปล่อยเพลงไหม่ได้เลยครับ,2025-04-08T11:15:42Z
1498,@shinka_xz,❤‍🩹,2025-04-08T11:15:33Z
1499,@สิทธิโชคจันทร์ประไพ,❤❤,2025-04-08T11:15:32Z
1500,@wijaksrimueangthon7761,นี่มันไอเป็ด ไอคุ้ง เอิร์น Suckseedชัดๆ!!,2025-04-08T11:15:31Z
1501,@farm2680,โหหห เจ็บจี๊ดดด,2025-04-08T11:15:07Z
1502,@-close,ขอให้วงเล่นเอ็มวีอีก 20 เพลงเป็นอย่างต่ำค่ะ,2025-04-08T11:15:03Z
1503,@PoohPailin,เพราะมากกกกกกกฮือออออหนู จะไปคอนใหญ่ที่ครั้งที่สองให้ได้ปีแรกหนูกดไม่ทันเสียดายมาก 😢 พึ่งเรียนจบปี4หนูจะตั้งใจเก็บเงินไปหาพวกพี่ค่ะชาวเมือง Three Man Down. สู้ 🌃,2025-04-08T11:14:57Z
1504,@ธนภัทรชัชวารี,เเค่ชื่อเพลงก็เพราะแล้วครับ,2025-04-08T11:14:43Z
1505,@ghostcat9853,เพลงนี้เกิน40Mแน่่เพลงดีมากครับ,2025-04-08T11:14:43Z
1506,@สัญชัยเวชประสิทธิ์-ว2ฏ,เค้าจะรู้ไหมว่าเราคิดถึง #aomsub,2025-04-08T11:14:38Z
1507,@kokomo1475,❤❤❤,2025-04-08T11:14:32Z
1508,@prob5320,2570 ใครยังฟังอยู่บ้าง😢,2025-04-08T11:14:19Z
1509,@koomja2620,วันนี้ฟังจบแล้วค่า พรุ่งนี้ปล่อยใหม่ได้,2025-04-08T11:14:14Z
1510,@palmkanjana,โห MV เหมือนเอาชีวิตจริงใส่ไปด้วย เพราะพี่กิตป่วยที่ตามองเริ่มไม่เห็นอะ,2025-04-08T11:14:08Z
1511,@deepduck69,Three Man Down ไม่เคยทำให้ผิดหวังจริงๆ,2025-04-08T11:13:59Z
1512,@sunnykub137,ฟังจบแล้วครับปล่อยบััมประกาศคอนใหญ่ได้เลย,2025-04-08T11:13:49Z
1513,@anuchaab66,วงบ้าอะไรวะออกเพลงอกหักก็โครตเจ็บโครตเพราะทุกเพลง พอจะออกเพลงรักทีกีก็โครตหวาน,2025-04-08T11:13:42Z
1514,@Walkwithme1904,2024 ยังฟังอยู่ เผื่อเอาไว้ในอนาคตเธอจะย้อนมาดู,2025-04-08T11:13:25Z
1515,@jamekung5451,รักที่สุดดด,2025-04-08T11:13:07Z
1516,@jutatipsupim642,❤❤,2025-04-08T11:12:58Z
1517,@Danika0708,ทั้งที่จบไปแล้ว เราก็เริ่มใหม่ไม่ได้จริงๆ ไม่กล้ารักใครแล้ว 😭,2025-04-08T11:12:57Z
1518,@TheDESTINYee,ฟังจบแล้ว ร้องไห้แล้ว  ปล่อยเพลงต่อไปได้เลยค่ะ 😢 เพลงดีจัดดด,2025-04-08T11:12:51Z
1519,@GeneLab,"ถึงไม่กล้าไปรักคนอื่นเลย รักใครไม่ไหว
ยังมีแค่เธอ ยังมีเพียงเธอ คนเดียวในหัวใจ",2025-04-08T11:12:49Z
1520,@SpmCos,เคยลองเปิดใจให้กับคนใหม่ๆแล้วนะ แต่ทุกครั้งเวลามองไปเห็นแต่หน้าเธอ ทำไมมันถึงลืมเธอไม่ได้กันนะ,2025-04-08T11:12:32Z
1521,@phuthanawat8784,เพลงดีจัดๆๆ เพราะมากกๆ 🫶🏻✨,2025-04-08T11:12:15Z
1522,@ufo4465,"ถ้า Three man down ต่อยกัน
เราจะร้องข้างกันให้ใครฟัง 😂",2025-04-08T11:12:12Z
1523,@XDEE_,เพลงโครตดีเลยค้าบบบแค่เริ่มมาก็ดีล่ะ,2025-04-08T11:12:07Z
1524,@threemandownbandofficial,ปล่อยเพลงใหม่แล้วฟังจบได้,2025-04-08T11:11:26Z
1525,@babytwinkle6673,เหมือนจะเข้าใจอะไรผิด นักร้องเขาชอบมือกลอง,2025-04-08T11:11:22Z
1526,@shiiiiii-77,เพราะฉันรักใครไม่เป็น นอกจาก''เธอ'',2025-04-08T11:11:20Z
1527,@tamsumduck,ไม่อยากมีช่วงเวลาที่ต้องใช้เพลงนี้เลย 😅,2025-04-08T11:11:11Z
1528,@banthitamaneelert1915,ปล่อยเพลงตอนอกหักพอดีเลย 😢,2025-04-08T11:11:07Z
1529,@bandid034,โดนมาก,2025-04-08T11:10:57Z
1530,@findarhosyana8616,Huaaa bagussss bangettttt!!!!! Ga sabar mau denger live!!!,2025-04-08T11:10:48Z
1531,@babymojixcutie,โคตรดอสระอี,2025-04-08T11:10:41Z
1532,@needneed9853,ลงเพลงใหม่ได้เลยครับผม ฟังจบแล้ว,2025-04-08T11:10:33Z
1533,@narongrudnayong7680,"ชีวิตเราต้องก้าวไปข้างหน้า เธอคือบทเรียนของชีวิต ที่เราต้องก้าวไปข้างหน้า ""ขอบคุณนะถ้าเธอแวะมาอ่าน""",2025-04-08T11:10:24Z
1534,@suwittayaogkaewklanog9872,มันส์อีกแล้ววว,2025-04-08T11:10:06Z
1535,@gneun_mi,😢,2025-04-08T11:09:53Z
1536,@ittipanhrahkarw3443,รักใครไม่ไหวแล้วจริงๆ 😢,2025-04-08T11:09:47Z
1537,@NutthawutButchan,รอคอนใหญ่😮,2025-04-08T11:09:45Z
1538,@Guyxstreet,เพลงนี้พันล้าน❤,2025-04-08T11:09:30Z
1539,@4.ธิติวุฒิบุตรดี,เพลงดีมาก ปังแน่นอน,2025-04-08T11:09:08Z
1540,@Poshub,ขอวาปนางเอก mv หน่อยงับ🤗,2025-04-08T11:09:01Z
1541,@Aewpea,ร็อคเบาๆ เพราะมากก❤❤❤,2025-04-08T11:08:59Z
1542,@Cameronbear,กลิ้นอายดนตรีที่คิดถึงมาก,2025-04-08T11:08:58Z
1543,@grace-wi7jn,สวดยอดดดดเลยลูกพรี่👍🏻,2025-04-08T11:08:49Z
1544,@TT1N301s2,เพลงดีจัด,2025-04-08T11:08:47Z
1545,@ppssk1808,ปล่อยเพลงใหม่ได้เลยครับ,2025-04-08T11:08:30Z
1546,@natchanon6667,❤,2025-04-08T11:08:29Z
1547,@aangmuay,❤❤❤,2025-04-08T11:08:20Z
1548,@Peung_1A,มาเร็ววววว มาฟังเพลงเพราะๆ 🫶🏼😂,2025-04-08T11:08:16Z
1549,@Gunasdkcm,ชอบMVแบบนี้มากๆแสดงออกมาได้ดีมากเหมือนต่อยกันจริงๆทำอีกเยอะๆนะคับ,2025-04-08T11:08:13Z
1550,@ภารดาย่อมกระโทก,เค้าหนีไปมีคนใหม่ ส่วนเรามูฟออนจากเค้าไม่ได้ มันเจ็บมากนะเว้ยยย,2025-04-08T11:08:12Z
1551,@NAMFUNAM,ความสัมพันธ์ที่เคยเป็นโลกทั้งใบ ตอนนี้ไม่มีค่าอะไรเลยย 😢,2025-04-08T11:08:07Z
1552,@Waythebear,"เตถามกิต หมายถึง 
ดนตรี❎
ความรัก✅",2025-04-08T11:08:06Z
1553,@prixm47,ร้องไห้ฉ่าม😢,2025-04-08T11:08:00Z
1554,@PATTYCLASH,♥️,2025-04-08T11:07:59Z
1555,@BaconChannel4321,ชอบว่ะ,2025-04-08T11:07:55Z
1556,@Tanyaponaomnphiboonlap,มีคนเก่าคนโปรดเสมอ,2025-04-08T11:07:52Z
1557,@007อ่าาาาาาาา,จุกดีครับ ชอบมาก 😢,2025-04-08T11:07:51Z
1558,@พงศกรอะทะยศ-ญ3ฟ,ทัน6นาที,2025-04-08T11:07:41Z
1559,@JoJoe-z6t,เพลงเพราะมากเลยครับ ฟังแล้ววนอยู่ในหัว❤,2025-04-08T11:07:39Z
1560,@callmeplxy,เห็นพี่เตในเอ็มวีนี้รู้สึกอยากค่อยพี่จังคับ หยอกหยอก,2025-04-08T11:07:32Z
1561,@namidaputsongki7110,คิดถึงพี่โอมเลยน้อ,2025-04-08T11:07:25Z
1562,@callmeberlinnnn3629,Mvจากอาการป่วยนักร้องนำมัน🥹,2025-04-08T11:07:17Z
1563,@veneiei,สุดยอดไปเลย🎉❤,2025-04-08T11:07:15Z
1564,@jirayu5855,ฟังจบแล้วอยากกลับไปหาคนเก่าเลยครับ,2025-04-08T11:07:14Z
1565,@RinNum-l1e,เพราะดี,2025-04-08T11:07:12Z
1566,@sunmachannel8116,"ถ้ารู้ว่าการรักใครสักคน มันต้องทุกข์ทนอย่างนี้
ฉันก็คงไม่รักใคร แต่วันนี้มันก็คงจะสายไป
เพราะว่าทั้งหัวใจของฉัน มันยังมีแค่เธอ 😢 จุก",2025-04-08T11:07:09Z
1567,@migami_m,"""แต่ทำไมตัวของฉัน ถึงไม่กล้าไปรักคนอื่นเลย รักใครไม่ไหว ยังมีแค่เธอ ยังมีเพียงเธอคนเดียวในใจ"" ท่อนนี้จริงมากครับ เรื่องเราก็จบมานานแล้ว เธอเริ่มใหม่กับคนอื่นส่วนฉันไม่กล้าที่จะเริ่มใหม่กับใครเพราะยังคิดถึงแต่เธอ 😢😭",2025-04-08T11:06:53Z
1568,@Em_Lazy,ทันๆ,2025-04-08T11:06:45Z
1569,@phapear,ทั้งที่มันก็นานแล้ว จบไปนานแล้ว,2025-04-08T11:06:39Z
1570,@Sirayut_MOS,ดีจริง😭,2025-04-08T11:06:36Z
1571,@ThanawatChuasaimathuros,โอเครอินมาก🥰,2025-04-08T11:06:36Z
1572,@SehImagaIn,มีคนเคยบอกเราว่า ทุกสิ่งที่สูญเสียไปมักถูกเเทนที่ด้วยสิ่งที่ดีกว่าเสมอ เเต่คือเราไม่ได้ต้องการสิ่งที่ดีกว่านี้ เราต้องการเธอเว้ย,2025-04-08T11:06:35Z
1573,@pploy.n8625,โฮรรรรนน,2025-04-08T11:06:28Z
1574,@atprykm4842,กำลังฟัง ค่อยปล่อยเพลงใหม่ทีหลัง,2025-04-08T11:06:15Z
1575,@Hig1129,ตอนจากลาว่าเจ็บแล้ว ตอนคิดถึงเจ็บกว่า ต่อให้หนีความรักไปไกลแค่ไหน สุดท้ายเราก็หนีความคิดถึงไม่ได้อยู่ดี😂😂😢😢😂,2025-04-08T11:06:09Z
1576,@jjrwhty0214,รักใครไม่ไหว !! เพราะรักคนเก่าคนโปรดมาเสมอ 😢😢😢😢😢,2025-04-08T11:06:06Z
1577,@treepoca00,ใจมันรัก แต่ปากมันไม่กล้าบอก… เพลงนี้เลยพูดแทนหมดแล้ว,2025-04-08T11:06:03Z
1578,@poundzx5055,โดนใจ,2025-04-08T11:05:57Z
1579,@caramelff2765,ก่อน5000พัน,2025-04-08T11:05:37Z
1580,@BanFoeNiChoeThukLaeDi,เพราะมากกกกก เพราะทุกเพลงเลยยย❤,2025-04-08T11:05:26Z
1581,@chickenv56,ยังไงเพลงนี้ก็ 20M + จากใจคนเลี้ยงงูจงอาง,2025-04-08T11:05:23Z
1582,@อทิชานัน,❤❤,2025-04-08T11:04:58Z
1583,@JK-pp5wf,โคตรดีเลยเพลงนี้สมกับที่รอเพลงปล่อย❤,2025-04-08T11:04:52Z
1584,@frame3708,2025ยังฟังอยู่,2025-04-08T11:04:51Z
1585,@007อ่าาาาาาาา,ทั้งที่มันก็นานแล้ว จบไปนานแล้ว     ละที่ตรงนี้ไม่มีใครแล้ว 🥲🤍 2:16,2025-04-08T11:04:47Z
1586,@Porxzxc,เพลงดีมากก,2025-04-08T11:04:45Z
1587,@cynj.3289,วงเดียวกันอย่าตีกันค้าบ😂,2025-04-08T11:04:41Z
1588,@gapnichapp4942,พี่ร้องเพลงไปเลยค่ะ เดี๋ยวหนูร้องไห้เอง,2025-04-08T11:04:40Z
1589,@natthapornnanaen8548,ฟังจบแล้ว เพราะมากกก ปล่อยเพลงใหม่ได้เลยค่ะ,2025-04-08T11:04:36Z
1590,@pscch,MVสุดมาครับพี่ชาย,2025-04-08T11:04:26Z
1591,@Namfon-g9s,ทั้งที่มันก็นานแล้ว แต่ยังไม่กล้าไปรักคนอื่นเลย ❤️‍🩹😿,2025-04-08T11:04:23Z
1592,@rmin9574,อ่าวหึ้ยๆๆๆ❤❤❤❤,2025-04-08T11:04:23Z
1593,@bollrank,ขอบคุณวันหยุดที่ได้ฟังเพลงของ TMD,2025-04-08T11:04:16Z
1594,@SupanatChotchaisuwat,โคตรดี,2025-04-08T11:03:56Z
1595,@tarnsirilak9451,😢,2025-04-08T11:03:55Z
1596,@midnight.mikkey,ทันตอน1นาทีีีี,2025-04-08T11:03:51Z
1597,@ทรงยศทับทิมทอง-ญ8ถ,😢😢,2025-04-08T11:03:40Z
1598,@mlktr_xzryu5052,รักๆ,2025-04-08T11:03:37Z
1599,@vayupattamtamm52,เพลงใหม่โครตโดน❤,2025-04-08T11:03:33Z
1600,@024กฤตนัยเพชรแก้ว,เพื่อนแนะนำมาเพลงดีมากเลยครับ,2025-04-08T11:03:33Z
1601,@ChanwitIce,🎉🎉🎉🎉,2025-04-08T11:03:33Z
1602,@spexer693,นางเอกคนเดียวกัยเพลงล่าสุด bodyslam ป่ะใครมีแปะวาร์ป​หน่อยครับ 🙏🏻,2025-04-08T11:03:23Z
1603,@Natthakit2248,ทันไหม1นาที,2025-04-08T11:03:22Z
1604,@ChaiwatBig,รอมานาน❤,2025-04-08T11:02:56Z
1605,@30.ທ້າວ.ພອນສະຫວັນສຸທໍາມະວົງ.ລຕ,2นาที,2025-04-08T11:02:51Z
1606,@wan.fiinnz,ฟังแล้วลงเพลงใหม่ต่อได้เลยครับ,2025-04-08T11:02:47Z
1607,@sasikhansakkam,รอแบบอ้ากกก,2025-04-08T11:02:44Z
1608,@wcrrinrdee.violin,ขอบคุณที่ออกเพลงมาปู้ยี่ปู้ยำหนูนะคะ,2025-04-08T11:02:37Z
1609,@ChadCha09,โคตรดีย์เลยครับ❤,2025-04-08T11:02:36Z
1610,@OaklandGame,ได้ฟังล้าาาาาาา❤❤,2025-04-08T11:02:36Z
1611,@natees9711,❤❤❤,2025-04-08T11:02:17Z
1612,@skyoak4486,ลุยยยย,2025-04-08T11:02:17Z
1613,@ภิญญาพัชญ์ภักดี-ฬ3ค,😢ทำไมน๊ๅ,2025-04-08T11:02:16Z
1614,@mr.Midnight_010,❤❤❤,2025-04-08T11:02:15Z
1615,@lavieenrose3064,❤,2025-04-08T11:02:13Z
1616,@SUTTIDA04,🥹🥺,2025-04-08T11:02:04Z
1617,@Poteeeee244,ดนตรีดีจัด,2025-04-08T11:02:04Z
1618,@Notto-t7n,เพราะมัก❤❤,2025-04-08T11:02:04Z
1619,@PinchaNirabsudkan,คนที่ 64 😂,2025-04-08T11:02:02Z
1620,@เทวารอบคอบ-ร5ช,1นาที!!!!,2025-04-08T11:01:54Z
1621,@SupakitKhunpiluk,เพราะ❤❤❤❤❤❤❤❤❤❤❤❤❤❤❤❤❤❤,2025-04-08T11:01:42Z
1622,@pxmr5125,ฟังจบแล้วปล่อยเพลงใหม่ได้,2025-04-08T11:01:41Z
1623,@vanhviluknammoonty894,❤,2025-04-08T11:01:39Z
1624,@Alexสุดมันน์channel,มาเเล้ว,2025-04-08T11:01:34Z
1625,@veomanyphongsavath1756,มาแย้ววววววว🎉,2025-04-08T11:01:25Z
1626,@เซลล์ออยISUZUติดดาว,มาเว้ยยย,2025-04-08T11:01:22Z
1627,@สุทธิพงศ์บัวฝรั่ง,มาแล้วว,2025-04-08T11:01:21Z
1628,@Pisittnutty,มาๆๆๆ,2025-04-08T11:01:16Z
1629,@7ACKY20,แต่ผมรักไหว,2025-04-08T11:01:14Z
1630,@kwanchais.4161,ฟังจบแล้วลงเพลงใหม่ได้เลยครับ,2025-04-08T11:01:12Z
1631,@fitsmith2397,💐,2025-04-08T11:00:56Z
1632,@กีต้าร์-ธ2ภ,มาแล้วรอฟังมาก🎉🎉,2025-04-08T11:00:51Z
1633,@qtcue9,♥️♥️♥️,2025-04-08T11:00:51Z
1634,@Q-ov3kb,รอฟังเพลงนี้ในราชมังนะคะะะ,2025-04-08T11:00:50Z
1635,@พีรวัสเสถียรนิตย์,มาๆๆๆ,2025-04-08T11:00:49Z
1636,@bbarca797,เม้นท์ก่อนนะ เดวดูต่อ,2025-04-08T11:00:47Z
1637,@sasiskladcharoen3760,เม้นแรก,2025-04-08T11:00:36Z
1638,@fukadafukada953,แรก,2025-04-08T11:00:31Z
1639,@abyssnontzing,มาเว้ยยย,2025-04-08T11:00:28Z
